ReactionID,Flux,name
rxn00001_c0,0.102884749,'diphosphate phosphohydrolase'
rxn00006_c0,5.38E-05,'hydrogen-peroxide:hydrogen-peroxide oxidoreductase'
rxn00029_c0,0.000860898,'5-aminolevulinate hydro-lyase (adding 5-aminolevulinate and cyclizing; porphobilinogen-forming)'
rxn00048_c0,0.000215224,"'6,7-Dimethyl-8-(1-D-ribityl)lumazine:6,7-dimethyl-8-(1-D-ribityl)lumazine 2,3-butanediyltransferase'"
rxn00060_c0,0.000215224,'porphobilinogen:(4-[2-carboxyethyl]-3-[carboxymethyl]pyrrol-2-yl)methyltransferase (hydrolysing)'
rxn00069_c0,0.042763574,'L-glutamate:NAD+ oxidoreductase (transaminating)'
rxn00078_c0,0.000107612,'ATP:NADH 2''-phosphotransferase'
rxn00097_c0,0.944752267,'ATP:AMP phosphotransferase'
rxn00100_c0,0.000215224,'ATP:dephospho-CoA 3''-phosphotransferase'
rxn00102_c0,-0.414131961,'carbonate hydro-lyase (carbon-dioxide-forming)'
rxn00104_c0,-0.000107612,'polyphosphate kinase'
rxn00113_c0,0.016187992,"'Carbon-dioxide:ammonia ligase (ADP-forming,carbamate-phosphorylating)'"
rxn00117_c0,0.01086896,'ATP:UDP phosphotransferase'
rxn00119_c0,0.009284486,'ATP:UMP phosphotransferase'
rxn00122_c0,0.000107612,'ATP:FMN adenylyltransferase'
rxn00126_c0,0.000322837,'ATP:L-methionine S-adenosyltransferase'
rxn00134_c0,0.000215224,'ATP:adenosine 5''-phosphotransferase'
rxn00138_c0,0.000215224,'deamido-NAD+:ammonia ligase (AMP-forming)'
rxn00147_c0,0.874610924,"'ATP:pyruvate,water phosphotransferase'"
rxn00178_c0,0.004527049,'Acetyl-CoA:acetyl-CoA C-acetyltransferase'
rxn00179_c0,0.013393907,'ATP:L-glutamate 5-phosphotransferase'
rxn00182_c0,-1.886856666,'L-glutamate:NAD+ oxidoreductase (deaminating)'
rxn00191_c0,-0.053061627,'L-Alanine:2-oxoglutarate aminotransferase'
rxn00193_c0,0.021882745,'glutamate racemase'
rxn00213_c0,0.001505002,'UTP:alpha-D-glucose-1-phosphate uridylyltransferase'
rxn00237_c0,0.014473686,'ATP:GDP phosphotransferase'
rxn00239_c0,0.006885832,'ATP:GMP phosphotransferase'
rxn00247_c0,-0.775562173,'ATP:oxaloacetate carboxy-lyase (transphosphorylating;phosphoenolpyruvate-forming)'
rxn00249_c0,1.242861482,'(S)-malate:NADP+ oxidoreductase'
rxn00259_c0,0.343733325,'(3S)-citryl-CoA oxaloacetate-lyase (acetyl-CoA-forming)'
rxn00260_c0,-1.670741744,'L-Aspartate:2-oxoglutarate aminotransferase'
rxn00272_c0,0.039497148,'L-Alanine:glyoxylate aminotransferase'
rxn00285_c0,-0.268435306,'Succinate:CoA ligase (ADP-forming)'
rxn00293_c0,0.001505002,'UTP:N-acetyl-alpha-D-glucosamine-1-phosphate uridylyltransferase'
rxn00299_c0,0.000322837,"'GTP 7,8-8,9-dihydrolase'"
rxn00300_c0,0.000215224,"'GTP 7,8-8,9-dihydrolase (diphosphate-forming)'"
rxn00324_c0,0.000322837,'glycolate:NADP+ oxidoreductase'
rxn00336_c0,0.039174311,'isocitrate glyoxylate-lyase (succinate-forming)'
rxn00337_c0,0.715909243,'ATP:L-aspartate 4-phosphotransferase'
rxn00347_c0,0.90148998,'L-Aspartate ammonia-lyase'
rxn00351_c0,0.000107612,'gamma-L-glutamyl-L-cysteine:glycine ligase (ADP-forming)'
rxn00361_c0,0.006687385,'ATP:adenylylsulfate 3''-phosphotransferase'
rxn00364_c0,0.008887051,'ATP:CMP phosphotransferase'
rxn00379_c0,0.006687385,'ATP:sulfate adenylyltransferase'
rxn00392_c0,0.000107612,'ATP:riboflavin 5''-phosphotransferase'
rxn00409_c0,0.008192134,'ATP:CDP phosphotransferase'
rxn00410_c0,0.004139166,'UTP:ammonia ligase (ADP-forming)'
rxn00438_c0,0.000107612,'ATP:thiamin-phosphate phosphotransferase'
rxn00459_c0,-0.07722677,'2-phospho-D-glycerate hydro-lyase (phosphoenolpyruvate-forming)'
rxn00461_c0,0.000376251,'Phosphoenolpyruvate:UDP-N-acetyl-D-glucosamine 1-carboxyvinyl-transferase'
rxn00467_c0,-0.013393907,'L-Ornithine:2-oxo-acid aminotransferase'
rxn00471_c0,0.005721571,'L-ornithine ammonia-lyase (cyclizing; L-proline-forming)'
rxn00493_c0,-0.004795221,'L-Phenylalanine:2-oxoglutarate aminotransferase'
rxn00511_c0,0.008882057,"'N6-(L-1,3-Dicarboxypropyl)-L-lysine:NADP+ oxidoreductase (L-lysine-forming)'"
rxn00526_c0,0.00356917,'L-arogenate:NADP+ oxidoreductase'
rxn00532_c0,-0.000215224,'3-oxopropanoate:NADP+ oxidoreductase (CoA-malonylating)'
rxn00533_c0,0.031224325,'Acetyl-CoA:carbon-dioxide ligase (ADP-forming)'
rxn00555_c0,0.001505002,'L-glutamine:D-fructose-6-phosphate isomerase (deaminating)'
rxn00602_c0,0.694984406,'(R)-Methylmalonyl-CoA CoA-carbonylmutase'
rxn00611_c0,-0.005106479,'sn-Glycerol-3-phosphate:NAD+ 2-oxidoreductase'
rxn00615_c0,0.00085108,'ATP:glycerol 3-phosphotransferase'
rxn00646_c0,0.000107612,'L-glutamate:L-cysteine gamma-ligase (ADP-forming)'
rxn00657_c0,-0.000215224,'beta-alanine:2-oxoglutarate aminotransferase'
rxn00676_c0,0.002269546,'acetyl-CoA:propanoyl-CoA 2-C-acetyltransferase'
rxn00678_c0,-0.694984406,'(S)-2-Methyl-3-oxopropanoyl-CoA:pyruvate carboxyltransferase'
rxn00690_c0,0.043890159,'Formate:tetrahydrofolate ligase (ADP-forming)'
rxn00692_c0,0.010708498,"'5,10-Methylenetetrahydrofolate:glycine hydroxymethyltransferase'"
rxn00693_c0,0.004300691,'5-Methyltetrahydrofolate:L-homocysteine S-methyltransferase'
rxn00710_c0,0.008531985,'orotidine-5''-phosphate carboxy-lyase (UMP-forming)'
rxn00726_c0,0.001471261,'chorismate pyruvate-lyase (amino-accepting; anthranilate-forming)'
rxn00747_c0,0.032152696,'D-glyceraldehyde-3-phosphate aldose-ketose-isomerase'
rxn00770_c0,0.025494686,'ATP:D-ribose-5-phosphate diphosphotransferase'
rxn00777_c0,-0.020400425,'D-ribose-5-phosphate aldose-ketose-isomerase'
rxn00781_c0,-0.07722677,'D-glyceraldehyde-3-phosphate:NAD+ oxidoreductase (phosphorylating)'
rxn00789_c0,-0.002452102,'1-(5-phospho-D-ribosyl)-ATP:diphosphate phospho-alpha-D-ribosyl-transferase'
rxn00790_c0,-0.012716501,'5-phosphoribosylamine:diphosphate phospho-alpha-D-ribosyltransferase (glutamate-amidating)'
rxn00791_c0,-0.001471261,'N-(5-Phospho-D-ribosyl)anthranilate:pyrophosphate phosphoribosyl-transferase'
rxn00799_c0,-1.242861482,'(S)-malate hydro-lyase (fumarate-forming)'
rxn00800_c0,0.008282771,"'N6-(1,2-dicarboxyethyl)AMP AMP-lyase (fumarate-forming)'"
rxn00802_c0,0.007656007,'2-(Nomega-L-arginino)succinate arginine-lyase (fumarate-forming)'
rxn00806_c0,-0.011661106,'L-Leucine:2-oxoglutarate aminotransferase'
rxn00832_c0,-0.015060991,"'IMP 1,2-hydrolase (decyclizing)'"
rxn00834_c0,0.00677822,'IMP:NAD+ oxidoreductase'
rxn00838_c0,0.008282771,'IMP:L-aspartate ligase (GDP-forming)'
rxn00839_c0,0.00067303,'ATP:dADP phosphotransferase'
rxn00849_c0,-0.021506494,'D-Alanine:2-oxoglutarate aminotransferase'
rxn00859_c0,0.002452102,'L-Histidinol:NAD+ oxidoreductase'
rxn00874_c0,0.004527049,'butanoyl-CoA:acetyl-CoA C-butanoyltransferase'
rxn00902_c0,-0.013930652,"'acetyl-CoA:3-methyl-2-oxobutanoate C-acetyltransferase (thioester-hydrolysing, carboxymethyl-forming)'"
rxn00903_c0,-0.010952721,'L-Valine:2-oxoglutarate aminotransferase'
rxn00907_c0,-0.016005054,"'5,10-methylenetetrahydrofolate:NADP+ oxidoreductase'"
rxn00912_c0,0.000215224,"'5,10-Methylenetetrahydrofolate:3-methyl-2-oxobutanoate hydroxymethyltransferase'"
rxn00916_c0,0.00677822,'Xanthosine-5''-phosphate:ammonia ligase (AMP-forming)'
rxn00945_c0,-0.002269546,'hexadecanoyl-CoA:NADP+ trans-2-oxidoreductase'
rxn00971_c0,0.343733325,'Citrate:CoA ligase (ADP-forming)'
rxn00973_c0,-0.343733325,'citrate hydroxymutase'
rxn00979_c0,0.000322837,'glycolaldehyde:NAD+ oxidoreductase'
rxn01000_c0,0.004795221,'prephenate hydro-lyase (decarboxylating; phenylpyruvate-forming)'
rxn01018_c0,0.008531985,'carbamoyl-phosphate:L-aspartate carbamoyltransferase'
rxn01019_c0,0.007656007,'Carbamoyl-phosphate:L-ornithine carbamoyltransferase'
rxn01069_c0,0.006566184,'O-phospho-L-homoserine phosphate-lyase (adding water;L-threonine-forming)'
rxn01100_c0,0.07722677,'ATP:3-phospho-D-glycerate 1-phosphotransferase'
rxn01106_c0,0.07722677,"'2-Phospho-D-glycerate 2,3-phosphomutase'"
rxn01116_c0,-0.021959626,'D-Ribulose-5-phosphate 3-epimerase'
rxn01117_c0,-0.001128752,'D-arabinose-5-phosphate aldose-ketose-isomerase'
rxn01169_c0,1.99E-05,'ATP:beta-D-glucose 6-phosphotransferase'
rxn01171_c0,1.99E-05,'D-glucose 1-epimerase'
rxn01200_c0,0.005094261,'Sedoheptulose-7-phosphate:D-glyceraldehyde-3-phosphate glycolaldehyde transferase'
rxn01207_c0,0.002269546,'4-methyl-2-oxopentanoate:NAD+ oxidoreductase (CoA-mehtylpropanoylating)'
rxn01211_c0,-0.016005054,"'5,10-Methenyltetrahydrofolate 5-hydrolase (decyclizing)'"
rxn01213_c0,0.000376251,'GPPSYN-RXN'
rxn01241_c0,-0.032618376,'Dihydrolipoamide:NAD+ oxidoreductase'
rxn01255_c0,0.010158489,'5-O-(1-Carboxyvinyl)-3-phosphoshikimate phosphate-lyase (chorismate-forming)'
rxn01256_c0,0.008364392,'Chorismate pyruvatemutase'
rxn01257_c0,0.000322837,'chorismate:L-glutamine aminotransferase'
rxn01265_c0,-0.000107612,'Nicotinate D-ribonucleotide:diphosphate phosphoribosyltransferase'
rxn01270_c0,-0.00356917,'L-arogenate:2-oxoglutarate aminotransferase'
rxn01300_c0,0.711339915,'ATP:L-homoserine O-phosphotransferase'
rxn01301_c0,-0.715425381,'L-Homoserine:NAD+ oxidoreductase'
rxn01304_c0,0.004085466,'Succinyl-CoA:L-homoserine O-succinyltransferase'
rxn01310_c0,9.94E-06,'D-Glucitol:NADP+ 1-oxidoreductase'
rxn01331_c0,0.000107612,'D-erythrose 4-phosphate:NAD+ oxidoreductase'
rxn01332_c0,0.010158489,"'Phosphoenolpyruvate:D-erythrose-4-phosphate C-(1-carboxyvinyl)transferase (phosphate hydrolysing, 2-carboxy-2-oxoethyl-forming)'"
rxn01333_c0,-0.006599263,'sedoheptulose-7-phosphate:D-glyceraldehyde-3-phosphate glyceronetransferase'
rxn01353_c0,0.000694917,'ATP:dGDP phosphotransferase'
rxn01362_c0,-0.008531985,'Orotidine-5''-phosphate:diphosphate phospho-alpha-D-ribosyl-transferase'
rxn01387_c0,-0.382907636,'Isocitrate:NADP+ oxidoreductase'
rxn01419_c0,0.008882057,"'(1R,2S)-1-hydroxybutane-1,2,4-tricarboxylate:NAD+ oxidoreductase (decarboxylating)'"
rxn01423_c0,-0.008882057,'L-2-aminoadipate:2-oxoglutarate aminotransferase'
rxn01434_c0,0.007656007,'L-Citrulline:L-aspartate ligase (AMP-forming)'
rxn01451_c0,-0.004527049,'(S)-3-Hydroxybutanoyl-CoA:NAD+ oxidoreductase'
rxn01465_c0,-0.008531985,'(S)-dihydroorotate amidohydrolase'
rxn01466_c0,0.000376251,'Geranyl-diphosphate:isopentenyl-diphosphate geranyltrans-transferase'
rxn01485_c0,-0.001505002,"'D-Glucosamine 1-phosphate 1,6-phosphomutase'"
rxn01512_c0,0.00104928,'ATP:dTDP phosphotransferase'
rxn01513_c0,0.00067303,'ATP:dTMP phosphotransferase'
rxn01517_c0,-0.00067303,'ATP:dUMP phosphotransferase'
rxn01575_c0,-0.007519779,'L-Isoleucine:2-oxoglutarate aminotransferase'
rxn01601_c0,0.000322837,'dihydrofolate:NAD+ oxidoreductase'
rxn01603_c0,0.000322837,"'7,8-dihydropteroate:L-glutamate ligase (ADP-forming)'"
rxn01629_c0,-0.001721795,"'(S)-4-Amino-5-oxopentanoate 4,5-aminomutase'"
rxn01643_c0,-0.715909243,'L-Aspartate-4-semialdehyde:NADP+ oxidoreductase (phosphorylating)'
rxn01644_c0,0.000376251,'L-Aspartate-4-semialdehyde hydro-lyase (adding pyruvate and cyclizing)'
rxn01662_c0,-0.008882057,"'N6-(L-1,3-Dicarboxypropyl)-L-lysine:NAD+ oxidoreductase'"
rxn01673_c0,0.000694917,'ATP:dCDP phosphotransferase'
rxn01675_c0,0.000376251,'dTTP:alpha-D-glucose-1-phosphate thymidylyltransferase'
rxn01739_c0,0.010158489,'ATP:shikimate 3-phosphotransferase'
rxn01740_c0,-0.010158489,'Shikimate:NADP+ 3-oxidoreductase'
rxn01790_c0,-0.000215224,'(R)-Pantoate:NADP+ 2-oxidoreductase'
rxn01791_c0,0.000215224,'(R)-Pantoate:beta-alanine ligase (AMP-forming)'
rxn01871_c0,0.032618376,'acetyl-CoA:enzyme N6-(dihydrolipoyl)lysine S-acetyltransferase'
rxn01964_c0,0.001471261,'L-serine hydro-lyase [adding 1-C-(indol-3-yl)glycerol 3-phosphate; L-tryptophan and glyceraldehyde-3-phosphate-forming]'
rxn01973_c0,0.000376251,"'N-Succinyl-LL-2,6-diaminoheptanedioate amidohydrolase'"
rxn01974_c0,0.000376251,"'LL-2,6-Diaminoheptanedioate 2-epimerase'"
rxn01996_c0,-0.694984406,'Methylmalonyl-CoA epimerase'
rxn01997_c0,0.000376251,"'dTDPglucose 4,6-hydro-lyase'"
rxn02000_c0,0.000376251,"'dTDP-4-dehydro-6-deoxy-D-glucose 3,5-epimerase'"
rxn02003_c0,-0.000376251,'dTDP-6-deoxy-L-mannose:NADP+ 4-oxidoreductase'
rxn02008_c0,0.000376251,'UDP-N-acetylmuramoyl-L-alanine:D-glutamate ligase(ADP-forming)'
rxn02011_c0,0.000376251,"'UDP-N-acetylmuramoyl-L-alanyl-D-glutamate:(L)-meso-2,6-diaminoheptanedioate gamma-ligase (ADP-forming)'"
rxn02056_c0,-0.000107612,'S-Adenosyl-L-methionine:uroporphyrin-III C-methyltransferase'
rxn02155_c0,0.000215224,'ATP:nicotinamide-nucleotide adenylyltransferase'
rxn02160_c0,0.002452102,'L-Histidinol-phosphate phosphohydrolase'
rxn02167_c0,0.004527049,'(S)-3-Hydroxybutanoyl-CoA hydro-lyase'
rxn02175_c0,0.000215224,'ATP:pantetheine-4''-phosphate adenylyltransferase'
rxn02200_c0,0.000322837,"'2-amino-4-hydroxy-6-hydroxymethyl-7,8-dihydropteridine:4-aminobenzoate 2-amino-4-hydroxydihydropteridine-6-methenyltransferase'"
rxn02212_c0,0.010158489,'2-Dehydro-3-deoxy-D-arabino-heptonate 7-phosphate phosphate-lyase (cyclyzing)'
rxn02213_c0,0.010158489,'3-Dehydroquinate hydro-lyase'
rxn02226_c0,-0.008882057,'L-2-Aminoadipate-6-semialdehyde:NAD+ 6-oxidoreductase'
rxn02264_c0,0.000215224,'Hydroxymethylbilane hydro-lyase(cyclizing)'
rxn02267_c0,-0.002269546,'2-methyl-branched-chain-acyl-CoA:NAD+ 2-oxidoreductase'
rxn02285_c0,-0.000376251,'UDP-N-acetylmuramate:NADP+ oxidoreductase'
rxn02286_c0,0.000376251,'UDP-N-acetylmuramate:L-alanine ligase (ADP-forming)'
rxn02287_c0,0.000107612,'S-adenosyl-L-methionine:uroporphyrin-III C-methyltransferase'
rxn02288_c0,0.000107612,'Uroporphyrinogen-III carboxy-lyase'
rxn02303_c0,0.000107612,'Coproporphyrinogen:oxygen oxidoreductase(decarboxylating)'
rxn02320_c0,-0.002452102,'5-Amino-2-oxopentanoate:2-oxoglutarate aminotransferase'
rxn02331_c0,-0.001128752,"'phosphoenolpyruvate:D-arabinose-5-phosphate C-(1-carboxyvinyl)transferase (phosphate-hydrolysing, 2-carboxy-2-oxoethyl-forming)'"
rxn02341_c0,0.000215224,'N-[(R)-4''-Phosphopantothenoyl]-L-cysteine carboxy-lyase'
rxn02342_c0,-0.032618376,'R03270'
rxn02373_c0,-0.013393907,'L-glutamate-5-semialdehyde:NADP+ 5-oxidoreductase (phosphorylating)'
rxn02380_c0,-0.001861363,'beta-D-Glucose 6-phosphate ketol-isomerase'
rxn02402_c0,-0.000215224,'Nicotinate-nucleotide:pyrophosphate phosphoribosyltransferase (carboxylating)'
rxn02404_c0,0.001128752,'3-Deoxy-D-manno-octulosonate-8-phosphate 8-phosphohydrolase'
rxn02405_c0,0.001128752,'CTP:3-deoxy-D-manno-octulosonate cytidylyltransferase'
rxn02473_c0,0.002452102,'D-erythro-1-(Imidazol-4-yl)glycerol 3-phosphate hydro-lyase'
rxn02476_c0,0.010158489,'Phosphoenolpyruvate:3-phosphoshikimate 5-O-(1-carboxyvinyl)-transferase'
rxn02504_c0,0.000322837,"'2-amino-4-hydroxy-6-(D-erythro-1,2,3-trihydroxypropyl)-7,8-dihydropteridine glycolaldehyde-lyase'"
rxn02507_c0,0.001471261,'1-(2-Carboxyphenylamino)-1-deoxy-D-ribulose-5-phosphate carboxy-lyase(cyclizing)'
rxn02508_c0,0.001471261,'N-(5-Phospho-beta-D-ribosyl)anthranilate ketol-isomerase'
rxn02679_c0,-0.004527049,'Octanoyl-CoA:oxygen 2-oxidoreductase'
rxn02680_c0,0.004527049,'Octanoyl-CoA:acetyl-CoA C-acyltransferase'
rxn02720_c0,-0.004527049,"'Lauroyl-CoA:(acceptor) 2,3-oxidoreductase'"
rxn02774_c0,0.000107612,'S-Adenosyl-L-methionine:uroporphyrin-III C-methyltransferase'
rxn02789_c0,0.013930652,'2-Isopropylmalate hydro-lyase'
rxn02803_c0,-0.002645797,"'Tetradecanoyl-CoA:(acceptor) 2,3-oxidoreductase'"
rxn02804_c0,0.002269546,'myristoyl-CoA:acetylCoA C-myristoyltransferase'
rxn02811_c0,-0.013930652,'3-Isopropylmalate hydro-lyase'
rxn02834_c0,0.002452102,'Phosphoribosyl-ATP pyrophosphohydrolase'
rxn02835_c0,0.002452102,"'1-(5-phospho-D-ribosyl)-AMP 1,6-hydrolase'"
rxn02895_c0,0.012716501,'5-Phospho-D-ribosylamine:glycine ligase (ADP-forming)'
rxn02897_c0,0.000107612,'Nicotinate-nucleotide:dimethylbenzimidazole phospho-D-ribosyltransferase'
rxn02911_c0,0.004527049,'(S)-3-Hydroxydodecanoyl-CoA hydro-lyase'
rxn02929_c0,-0.000376251,"'2,3,4,5-Tetrahydrodipicolinate:NADP+ oxidoreductase'"
rxn02933_c0,-0.002269546,"'(2S,3S)-3-hydroxy-2-methylbutanoyl-CoA:NAD+ oxidoreductase'"
rxn02934_c0,0.002269546,"'(2S,3S)-3-Hydroxy-2-methylbutanoyl-CoA hydro-liase'"
rxn02937_c0,0.012716501,'2-(Formamido)-N1-(5-phosphoribosyl)acetamidine cyclo-ligase (ADP-forming)'
rxn02939_c0,0.000107612,'4-phospho-D-erythronate:NAD+ 2-oxidoreductase'
rxn02988_c0,-0.000215224,'glycerone phosphate:iminosuccinate alkyltransferase (cyclizing)'
rxn03004_c0,0.012716501,'10-Formyltetrahydrofolate:5''-phosphoribosylglycinamide formyltransferase'
rxn03031_c0,0.000376251,"'Succinyl-CoA:2,3,4,5-tetrahydropyridine-2,6-dicarboxylate N-succinyltransferase'"
rxn03080_c0,0.000430449,'5-amino-6-(D-ribitylamino)uracil butanedionetransferase'
rxn03084_c0,0.012716501,'5''-Phosphoribosylformylglycinamide:L-glutamine amido-ligase (ADP-forming)'
rxn03087_c0,-0.000376251,"'N-Succinyl-L-2,6-diaminoheptanedioate:2-oxoglutarate amino-transferase'"
rxn03108_c0,0.000107612,'ATP:4-amino-2-methyl-5-phosphomethylpyrimidine phosphotransferase'
rxn03130_c0,0.000376251,"'UDP-2,3-bis[(3R)-3-hydroxymyristoyl]-alpha-D-glucosamine 2,3-bis[(3R)-3-hydroxymyristoyl]-beta-D-glucosaminyl 1-phosphate phosphohydrolase'"
rxn03135_c0,-0.002452102,'R04558'
rxn03136_c0,0.012608889,'1-(5''-Phosphoribosyl)-5-amino-4-(N-succinocarboxamide)-imidazole AMP-lyase'
rxn03137_c0,0.015060991,'10-Formyltetrahydrofolate:5''-phosphoribosyl-5-amino-4-imidazolecarboxamide formyltransferase'
rxn03146_c0,0.000752501,'UDP-3-O-[(3R)-3-hydroxymyristoyl]-N-acetylglucosamine amidohydrolase'
rxn03147_c0,0.012608889,'1-(5-Phosphoribosyl)-5-amino-4-carboxyimidazole:L-aspartate ligase (ADP-forming)'
rxn03150_c0,0.000107612,'R04594'
rxn03159_c0,0.000376251,"'UDP-2,3-bis(3-hydroxytetradecanoyl)glucosamine:2,3-bis-(3-hydroxytetradecanoyl)-alpha-D-glucosaminyl-1-phosphate 2,3-bis(3-hydroxytetradecanoyl)-glucosaminyltransferase'"
rxn03164_c0,0.000376251,"'UDP-N-acetylmuramoyl-L-alanyl-D-glutamyl-meso-2,6-diaminoheptanedioate:D-alanyl-D-alanine ligase(ADP-forming)'"
rxn03167_c0,0.000322837,"'2-Amino-4-hydroxy-6-(erythro-1,2,3-trihydroxypropyl) dihydropteridine triphosphate phosphohydrolase (alkaline optimum)'"
rxn03175_c0,0.002452102,N-(5''-Phospho-D-ribosylformimino)-5-amino-1- (5''''-phospho-D-ribosyl)-4-imidazolecarboxamide ketol-isomerase'
rxn03181_c0,0.000376251,"'ATP:2,3,2'',3''-tetrakis(3-hydroxytetradecanoyl)-D-glucosaminyl-beta-D-1,6-glucosaminyl-alpha-phosphate 4-O''-phosphotransferase'"
rxn03182_c0,0.000376251,'CMP-3-deoxy-D-manno-oct-2-ulosonate:lipid IVA 3-deoxy-D-manno-oct-2-ulosonate transferase'
rxn03194_c0,0.007519779,'(S)-2-Aceto-2-hydroxybutanoate pyruvate-lyase (carboxylating)'
rxn03239_c0,-0.002269546,'(S)-3-Hydroxyhexadecanoyl-CoA:NAD+ oxidoreductase'
rxn03240_c0,0.002269546,'(S)-3-Hydroxyhexadecanoyl-CoA hydro-lyase'
rxn03241_c0,0.002645797,'(S)-3-Hydroxytetradecanoyl-CoA hydro-lyase'
rxn03242_c0,-0.004527049,'(S)-3-hydroxydodecanoyl-CoA:NAD+ oxidoreductase'
rxn03243_c0,0.004527049,'Decanoyl-CoA:acetyl-CoA C-acyltransferase'
rxn03244_c0,-0.004527049,'(S)-hydroxydecanoyl-CoA:NAD+ oxidoreductase'
rxn03245_c0,0.004527049,'(S)-Hydroxydecanoyl-CoA hydro-lyase'
rxn03246_c0,-0.004527049,'(S)-hydroxyoctanoyl-CoA:NAD+ oxidoreductase'
rxn03247_c0,0.004527049,'(S)-Hydroxyoctanoyl-CoA hydro-lyase'
rxn03248_c0,0.004527049,'Hexanoyl-CoA:acetyl-CoA C-acyltransferase'
rxn03249_c0,-0.004527049,'(S)-hydroxyhexanoyl-CoA:NAD+ oxidoreductase'
rxn03250_c0,0.004527049,'(S)-Hydroxyhexanoyl-CoA hydro-lyase'
rxn03251_c0,-0.004527049,"'Hexanoyl-CoA:(acceptor) 2,3-oxidoreductase'"
rxn03253_c0,-0.004527049,"'Decanoyl-CoA:(acceptor) 2,3-oxidoreductase'"
rxn03374_c0,0.704773731,'Selenocystathionine Lysteine-lyase (deaminating)'
rxn03408_c0,0.000376251,"'UDP-N-acetyl-D-glucosamine:undecaprenyl-diphospho-N-acetylmuramoyl-L-alanyl-gamma-D-glutamyl-meso-2,6-diaminopimeloyl-D-alanyl-D-alanine 4-beta-N-acetylglucosaminlytransferase'"
rxn03437_c0,0.007519779,"'(R)-2,3-Dihydroxy-3-methylpentanoate hydro-lyase'"
rxn03439_c0,0.000376251,'CMP-3-deoxy-D-manno-oct-2-ulosonate:(KDO)-lipid IVA 3-deoxy-D-manno-oct-2-ulosonate transferase'
rxn03445_c0,-0.000107612,'O-Phospho-4-hydroxy-L-threonine:2-oxoglutarate aminotransferase'
rxn03536_c0,0.000107612,'R05221'
rxn03537_c0,0.000107612,'R05222'
rxn03538_c0,0.000107612,'R05223'
rxn03638_c0,0.001505002,'Acetyl-CoA:D-glucosamine-1-phosphate N-acetyltransferase'
rxn03841_c0,0.000322837,'4-amino-4-deoxychorismate pyruvate-lyase'
rxn03901_c0,0.000376251,'undecaprenyl-diphosphate phosphohydrolase'
rxn03904_c0,0.000376251,"'UDP-N-acetylmuramoyl-L-alanyl-gamma-D-glutamyl-meso-2,6-diaminopimeloyl-D-alanyl-D-alanine:undecaprenyl-phosphate phospho-N-acetylmuramoyl-pentapeptide-transferase'"
rxn03907_c0,0.004138756,'CTP: 2-C-Methyl-D-erythritol 4-phosphate cytidylyltransferase'
rxn03908_c0,0.004138756,'ATP:4-(Cytidine 5''-diphospho)-2-C-methyl-D-erythritol 2-phosphotransferase'
rxn03909_c0,0.00435398,'1-Deoxy-D-xylulose-5-phosphate pyruvate-lyase (carboxylating)'
rxn03910_c0,0.004138756,'2-Phospho-4-(cytidine 5''-diphospho)-2-C-methyl-D-erythritol CMP-lyase (cyclizing)'
rxn03958_c0,-0.004138756,'1-Deoxy-D-xylulose-5-phosphate isomeroreductase'
rxn03975_c0,-0.00067303,'FMNH2:NADP+ oxidoreductase'
rxn04070_c0,0.000107612,'pyridoxine 5''-phosphate synthase'
rxn04113_c0,0.003762505,'isopentenyl-diphosphate:NAD(P)+ oxidoreductase'
rxn04996_c0,-0.000376251,'dimethyallyl diphosphate:NADP+ oxidoreductase'
rxn05029_c0,0.000107612,'ATP:cobinamide Cobeta-adenosyltransferase'
rxn05039_c0,0.000215224,'R07280'
rxn05040_c0,0.000430449,"'D-ribulose 5-phosphate formate-lyase (L-3,4-dihydroxybutan-2-one 4-phosphate-forming)'"
rxn05210_c0,-9.94E-05,'phosphate Na+ symporter'
rxn05231_c0,0.00067303,'2''-Deoxyadenosine 5''-diphosphate:oxidized-thioredoxin 2''-oxidoreductase'
rxn05233_c0,0.000694917,'2''-Deoxyguanosine 5''-diphosphate:oxidized-thioredoxin 2''-oxidoreductase'
rxn05239_c0,0.006687385,"'adenosine 3'',5''-bisphosphate,sulfite:oxidized-thioredoxin oxidoreductase (3''-phosphoadenosine-5''-phosphosulfate -forming)'"
rxn05251_c0,0.002269546,'FACOAL170(anteiso)'
rxn05252_c0,0.002269546,'FACOAL170(ISO)'
rxn05289_c0,0.009423278,'NADPH:oxidized-thioredoxin oxidoreductase'
rxn05293_c0,0.004138756,"'2C-methyl-D-erythritol 2,4 cyclodiphosphate dehydratase'"
rxn05312_c0,0.027332593,'Inorganic phosphate transporter'
rxn05342_c0,-0.001505002,'(3R)-3-Hydroxytetradecanoyl-[acyl-carrier-protein]:NADP+ oxidoreductase'
rxn05345_c0,0.001505002,'dodecanoyl-[acyl-carrier-protein]:malonyl-[acyl-carrier-protein] C-acyltransferase (decarboxylating)'
rxn05465_c0,0.001505002,'Malonyl-CoA:[acyl-carrier-protein] S-malonyltransferase'
rxn05466_c0,9.410708115,'TRANS-RXN-173.ce'
rxn05555_c0,0.000215224,'iron (II) transport via ABC system'
rxn05625_c0,-9.129073877,"'nitrite transport in via proton symport, reversible'"
rxn05651_c0,0.006687385,'sulfate transport in via proton symport'
rxn05902_c0,-0.006687385,'sulphite reductase'
rxn05938_c0,0.221978228,'pyruvate ferredoxin oxidoreductase'
rxn05940_c0,0.697253952,'2-oxobutanoate:ferredoxin 2-oxidoreductase (CoA-propionylating)'
rxn05957_c0,0.004085466,'O4-succinyl-L-homoserine:hydrogen sulfide S-(3-amino-3-carboxypropyl)transferase'
rxn06023_c0,0.000107612,'CoA:apo-[acyl-carrier-protein] pantetheinephosphotransferase'
rxn06075_c0,-0.00067303,'2''-Deoxyuridine 5''-diphosphate:oxidized-thioredoxin 2''-oxidoreductase'
rxn06076_c0,-0.000694917,'2''-Deoxycytidine diphosphate:oxidized-thioredoxin 2''-oxidoreductase'
rxn06433_c0,0.006239237,'L-Aspartate:tRNAAsn ligase (AMP-forming)'
rxn06510_c0,0.002645797,'Lauroyl-CoA:acetyl-CoA C-acyltransferase'
rxn06591_c0,0.001721795,'L-glutamate-semialdehyde: NADP+ oxidoreductase(L-glutamyl-tRNA(Glu)-forming)'
rxn06723_c0,-0.000752501,'(3R)-3-hydroxymyristoyl-[acyl-carrier protein]:UDP-3-O-[(3R)-3-hydroxymyristoyl]-alpha-D-glucosamine N-acetyltransferase'
rxn06729_c0,0.000752501,'(R)-3-Hydroxytetradecanoly-[acyl-carrier-protein]:UDP-N-acetyl-glucosamine 3-O-(3-hydroxytetradecanoyl)transferase'
rxn06777_c0,-0.002645797,'(S)-3-Hydroxytetradecanoyl-CoA:NAD+ oxidoreductase'
rxn06937_c0,0.001721795,'L-glutamate:tRNA(Glu) ligase (AMP-forming)'
rxn08020_c0,0.001881253,'laurate-[acyl-carrier-protein] ligase'
rxn08131_c0,0.000107612,'4-amino-2-methyl-5-phosphomethylpyrimidine synthetase'
rxn08168_c0,0.000215224,'L-aspartate : fumarate oxidoreductase (deaminating)'
rxn08173_c0,4.452275709,'F(1)-ATPase'
rxn08291_c0,0.020753993,'D-Amino acid dehydrogenase'
rxn08311_c0,0.001134773,'CDP-diacylglycerol synthetase (n-C18:0)'
rxn08335_c0,0.008531985,'(S)-dihydroorotate:quinone oxidoreductase'
rxn08440_c0,0.001881253,'lauroyl-CoA hydrolase'
rxn08547_c0,-0.000376251,'glycerol-3-phosphate acyltransferase (C14:0)'
rxn08764_c0,0.007519779,'ketol-acid reductoisomerase (2-Acetolactate)'
rxn08892_c0,-0.000376251,"'murein D,D-carboxypeptidase (murein5p5p) (periplasm)'"
rxn08893_c0,-0.000376251,"'murein D,D-carboxypeptidase (murein5p4p) (periplasm)'"
rxn08894_c0,0.000376251,"'murein D,D-carboxypeptidase (murein5p3p) (periplasm)'"
rxn08927_c0,-0.000376251,"'murein L,D-carboxypeptidase (murein4p4p) (periplasm)'"
rxn08928_c0,0.000376251,"'murein L,D-carboxypeptidase (murein5p5p) (periplasm)'"
rxn08972_c0,-2.709040559,'NADH dehydrogenase (ubiquinone-8 & 3 protons) (periplasm)'
rxn09071_c0,0.000107612,'pyridoxine 5''-phosphate oxidase (anaerboic'
rxn09106_c0,0.00085108,"'phosphatidylglycerol phosphate phosphatase (periplasm, n-C18:0)'"
rxn09113_c0,0.00085108,'Phosphatidylglycerol synthase (n-C18:0)'
rxn09177_c0,0.000215224,'(R)-4''-Phosphopantothenate:L-cysteine ligase'
rxn09180_c0,0.000107612,'protoporphyrinogen oxidase (anaerobic)'
rxn09202_c0,0.000283693,'Phosphatidylserine decarboxylase (n-C18:0)'
rxn09272_c0,0.313361896,"'fumarate reductase complex (i.e. FRD, involved in anaerobic respiration, repressed in aerobic respiration)'"
rxn10043_c0,6.741927199,'cytochrome-c oxidase (H+/e- = 2)'
rxn10053_c0,0.012608889,'phosphoribosylaminoimidazole carboxylase (ATP-dependent)'
rxn10203_c0,0.000376251,'myristoyl-glycerol-3-phosphate O-acyltransferase'
rxn10204_c0,0.001134773,'acyl-CoA:sn-glycerol-3-phosphate 1-O-acyltransferase'
rxn10205_c0,0.001134773,'isoheptadecanoyl-glycerol-3-phosphate O-acyltransferase'
rxn10206_c0,0.001134773,'anteisoheptadecanoyl-glycerol-3-phosphate O-acyltransferase'
rxn10213_c0,0.001134773,'stearoyl-1-acylglycerol-3-phosphate O-acyltransferase'
rxn10214_c0,0.001134773,'isoheptadecanoyl-1-acylglycerol-3-phosphate O-acyltransferase'
rxn10215_c0,0.001134773,'anteisoheptadecanoyl-1-acylglycerol-3-phosphate O-acyltransferase'
rxn10220_c0,0.001134773,'isoheptadecanoyl-phosphatidate cytidylyltransferase'
rxn10221_c0,0.001134773,'anteisoheptadecanoyl-phosphatidate cytidylyltransferase'
rxn10232_c0,0.000283693,'isoheptadecanoyl-phosphatidylserine decarboxylase'
rxn10233_c0,0.000283693,'anteisoheptadecanoyl-phosphatidylserine decarboxylase'
rxn10259_c0,0.00085108,'isoheptadecanoyl-CDPdiacylglycerol:sn-glycerol-3-phosphate 3-phosphatidyltransferase'
rxn10260_c0,0.00085108,'anteisoheptadecanoyl-CDPdiacylglycerol:sn-glycerol-3-phosphate 3-phosphatidyltransferase'
rxn10265_c0,0.00085108,'isoheptadecanoyl-Phosphatidylglycerophosphate phosphohydrolase'
rxn10266_c0,0.00085108,'anteisoheptadecanoyl-Phosphatidylglycerophosphate phosphohydrolase'
rxn10505_c0,0.000215224,"'2,5-diamino-6-(5-phospho-D-ribitylamino)pyrimidin-4(3H)-one:NADP+ 1''-oxidoreductase'"
rxn10506_c0,0.000215224,"'2,5-diamino-6-ribitylamino-4(3H)-pyrimidinone 5''-phosphate deaminase'"
rxn10785_c0,0.000376251,"'(2E,6E)-farnesyl-diphosphate:isopentenyl-diphosphate farnesyltranstransferase (adding 7 isopentenyl units)'"
rxn11007_c0,0.00067303,'TMDSf'
rxn11245_c0,0.013930652,'RXN-13158.c'
rxn11663_c0,0.000107612,'4-(phosphonooxy)threonine:NAD oxidoreductase'
rxn11735_c0,0.382907636,'R08201'
rxn12204_c0,-0.001881253,"'alpha-D-glucose 1,6-phosphomutase'"
rxn12510_c0,0.000215224,'ATP:pantothenate 4''-phosphotransferase'
rxn14120_c0,-0.000322837,"'5,6,7,8-tetrahydrofolate:NAD+ oxidoreductase'"
rxn15116_c0,-0.026830993,"'beta-D-fructose-1,6-bisphosphate D-glyceraldehyde-3-phosphate-lyase (glycerone-phosphate-forming)'"
rxn15271_c0,0.016865364,beta-D-Fructose 6-phosphate:D-glyceraldehyde-3-phosphate glycolaldehyde transferase'
rxn15466_c0,-0.025098598,"'(R)-2,3-Dihydroxy-3-methylbutanoate:NADP+ oxidoreductase (isomerizing)'"
rxn15467_c0,0.025098598,"'(R)-2,3-Dihydroxy-3-methylbutanoate hydro-lyase'"
rxn15491_c0,-0.025098598,'(S)-2-Acetolactate pyruvate-lyase (carboxylating)'
rxn15494_c0,0.016865364,"'beta-D-Fructose 1,6-bisphosphate 1-phosphohydrolase'"
rxn15500_c0,0.704773731,'O-phosphorylhomoserine:selenocysteine Se-(3-amino-3-carboxypropyl)transferase'
rxn23042_c0,0.000107612,'thiamine-phosphate diphosphorylase'
rxn25164_c0,-0.000752501,RXN-8807.c'
rxn25837_c0,0.000107612,'RXN-9787.c'
rxn25838_c0,0.000107612,'RXN-9788.c'
rxn25839_c0,0.000107612,'ATP:[ThiS] adenylyltransferase'
rxn27289_c0,0.000107612,'thiazole synthase'
rxn31312_c0,0.421334883,'2-oxoglutarate synthase'
rxn33589_c0,0.009965628,'Fructose-bisphosphatase'
rxn33674_c0,0.000376251,'Di-trans-poly-cis-decaprenylcistransferase'
rxn90001_c0,0.004527049,'Butyryl-CoA dehydrogenase (Etf complex)'
rxn90070_c0,-0.042706425,'formate dehydrogenase (ferredoxin)'
rxn90115_c0,0.006239237,'asparaginyl-tRNA synthase (glutamine-hydrolysing)'
rxn05319_c0,-8.707466396,'TRANS-RXNBWI-115401.ce.maizeexp.OH_OH'
rxn05467_c0,1.126177256,'CO2 transporter via diffusion'
rxn05468_c0,12.5,'TRANS-RXNAVI-26568.ce'
EX_cpd00001_e0,8.707466396,'H2O-e0 Exchange'
EX_cpd00075_e0,9.129073877,'Nitrite-e0 Exchange'
EX_cpd00009_e0,-0.027233146,'L-Glutamate-e0 Exchange'
EX_cpd00030_e0,-0.000198895,'Mn2+-e0 Exchange'
EX_cpd00048_e0,-0.006687385,'Sulfate-e0 Exchange'
EX_cpd00067_e0,18.48058315,'H+-e0 Exchange'
EX_cpd00971_e0,0.000198895,'Na+-e0 Exchange'
EX_cpd00013_e0,-9.410708115,'NH3-e0 Exchange'
EX_cpd10515_e0,-0.000215224,'Fe2+-e0 Exchange'
EX_cpd00011_e0,-1.126177256,'CO2-e0 Exchange'
EX_cpd00007_e0,-12.5,'O2-e0 Exchange'
bio1,0.027266542,
EX_cpd11416_c0,0.027266542,'EX cpd11416 c0'
rxn00137_c0,0.006794998,"'Adenosine 3'',5''-bisphosphate 3''-phosphohydrolase'"
rxn00141_c0,0.000215224,'S-Adenosyl-L-homocysteine hydrolase'
rxn00202_c0,-0.008882057,"'acetyl-CoA:2-oxoglutarate C-acetyltransferase (thioester-hydrolysing, carboxymethyl forming)'"
rxn00224_c0,0.000107612,'protoheme ferro-lyase (protoporphyrin-forming)'
rxn00470_c0,1.63E-05,'L-ornithine carboxy-lyase (putrescine-forming)'
rxn02466_c0,0.008882057,"'2-Hydroxybutane-1,2,4-tricarboxylate hydro-lyase'"
rxn03034_c0,-0.008882057,'Homoisocitrate hydro-lyase'
rxn03511_c0,0.001505002,'ADP-D-glycero-D-manno-heptose 6-epimerase'
rxn03916_c0,0.001505002,'ATP:D-glycero-beta-D-manno-heptose 1-phosphate adenylyltransferase'
rxn03917_c0,0.001505002,'D-glycero-beta-D-manno-heptose-7-phosphate aldose-ketose-isomerase'
rxn03918_c0,0.001505002,'ATP:D-glycero-beta-D-manno-heptose 7-phosphate 1-phosphotransferase'
rxn03919_c0,0.001505002,"'D-glycero-beta-D-manno-heptose 1,7-bisphosphate 7-phosphohydrolase'"
rxn05275_c0,0.002269546,'b-ketoacyl synthetase (Iso-C17:0)'
rxn05276_c0,0.002269546,'b-ketoacyl synthetase (Anteiso-C17:0)'
rxn05618_c0,0.000198895,'manganese transport in via proton antiport'
rxn05909_c0,0.002800814,"'L-serine hydro-lyase (adding hydrogen sulfide, L-cysteine-forming)'"
rxn06848_c0,-0.000376251,'R05075'
rxn06865_c0,-0.000376251,'R05146'
rxn08583_c0,0.000376251,'galactosyltransferase I (LPS core synthesis)'
rxn08618_c0,0.000376251,'glucosyltransferase I (LPS core synthesis)'
rxn08619_c0,0.000376251,'glucosyltransferase II (LPS core synthesis)'
rxn08620_c0,0.000376251,'glucosyltransferase III (LPS core synthesis)'
rxn08708_c0,0.000376251,'LPS heptose kinase I (LPS core synthesis)'
rxn08709_c0,0.000376251,'LPS heptose kinase II (LPS core synthesis)'
rxn08710_c0,0.000376251,'RXN0-5118.c'
rxn08711_c0,0.000376251,'RXN0-5061.c'
rxn08712_c0,0.000376251,'heptosyltransferase III (LPS core synthesis)'
rxn08713_c0,0.000376251,'heptosyltransferase IV (LPS core synthesis)'
rxn08954_c0,0.000376251,'3-deoxy-D-manno-octulosonic acid transferase III (LPS core biosynthesis)'
rxn09210_c0,0.000283693,'Phosphatidylserine syntase (n-C18:0)'
rxn09225_c0,0.000376251,'rhamnosyltransferase I (LPS core biosynthesis)'
rxn09427_c0,0.002269546,'fatty-acyl-CoA synthase (n-C18:0CoA)'
rxn10199_c0,0.000376251,'Peptidoglycan subunit synthesis'
rxn10226_c0,0.000283693,'isoheptadecanoyl-CDPdiacylglycerol-serine O-phosphatidyltransferase'
rxn10227_c0,0.000283693,'anteisoheptadecanoyl-CDPdiacylglycerol-serine O-phosphatidyltransferase'
rxn10336_c0,0.000283693,'stearoyl-cardiolipin synthase'
rxn10337_c0,0.000283693,'isoheptadecanoyl-cardiolipin synthase'
rxn10338_c0,0.000283693,'anteisoheptadecanoyl-cardiolipin synthase'
rxn15947_c0,0.000107612,'carboxyspermidine:NADP+ oxidoreductase'
rxn15949_c0,0.000107612,'carboxyspermidine carboxy-lyase (spermidine-forming)'
rxn16823_c0,0.000107612,'2-(2-carboxy-4-methylthiazol-5-yl)ethyl phosphate isomerase'
rxn23045_c0,0.000107612,'glycine oxidase'
rxn40053_c0,9.129073877,'hydroxylamine dehydrogenase'
rxn90071_c0,-0.004408303,'methylene tetrahydrofolate reductase (bifurcating)'
rxn90090_c0,9.129073877,'ammonia monooxygenase'
rxn90092_c0,11.51622055,'Quinone reductase'
rxn00634_c0,-9.94E-06,'D-Glucitol:NAD+ 2-oxidoreductase'
BIOMASS_PSEUDO,1.99E-06,
