{'NZ_AP017367_1_2648387_2647884'},,,,58.77183157,
    {'NZ_AP017367_1_1410328_1409810'},,,,112.6460105,
    {'NZ_AP017367_1_1608690_1607074'},,,,91.42284911,
    {'NZ_AP017367_1_5029535_5028120'},,,,36319.35936,biosynthetic-type acetolactate synthase large
    {'NZ_AP017367_1_1608660_1607077'},,,,36319.35936,                
    {'NZ_AP017367_1_5029574_5028219'},,,,36319.35936,
    {'NZ_AP017367_1_3816554_3815529'},,,,0,pyruvate dehydrogenase (acetyl-transferring) E1 component subunit alpha
    {'NZ_AP017367_1_29956_28976'    },,,,0,alpha-ketoacid dehydrogenase subunit beta
    {'NZ_AP017367_1_398996_396423'  },,,,0,COG1049
    {'NZ_AP017367_1_1468096_1469502'},,,,0,form I ribulose bisphosphate carboxylase large
    {'NZ_AP017367_1_1322007_1323359'},,,,2615.346505,glycoside hydrolase family 1 protein
    {'NZ_AP017367_1_4075542_4076963'},,,,202692.6192,glycoside hydrolase family 13 protein
    {'NZ_AP017367_1_927576_926659'  },,,,7447.697101,porphobilinogen synthase
    {'NZ_AP017367_1_4740936_4740310'},,,,0,cytochrome c oxidase subunit 3
    {'NZ_AP017367_1_5389535_5390110'},,,,0,cytochrome c oxidase subunit 3
    {'NZ_AP017367_1_4742775_4741126'},,,,75281.81859,cytochrome c oxidase subunit I
    {'NZ_AP017367_1_5387794_5389458'},,,,75281.81859,cytochrome c oxidase subunit I
    {'NZ_AP017367_1_4743956_4742877'},,,,0,cytochrome c oxidase subunit II
    {'NZ_AP017367_1_5386787_5387647'},,,,0,cytochrome c oxidase subunit II
    {'NZ_AP017367_1_694823_695740'  },,,,0,hydroxymethylbilane synthase
    {'NZ_AP017367_1_5063476_5064858'},,,,1466.030688,F0F1 ATP synthase subunit beta
    {'NZ_AP017367_1_907100_905592'  },,,,17.95805965,F0F1 ATP synthase subunit alpha
    {'NZ_AP017367_1_1073105_1074094'},,,,2546.779368,ABC transporter ATP-binding protein
    {'NZ_AP017367_1_1174299_1172830'},,,,0,COG0664
    {'NZ_AP017367_1_1178841_1177345'},,,,2546.779368,ABC transporter ATP-binding protein
    {'NZ_AP017367_1_1433196_1434686'},,,,0,peptidase domain-containing ABC transporter
    {'NZ_AP017367_1_1981492_1980431'},,,,2546.779368,ABC transporter ATP-binding protein
    {'NZ_AP017367_1_2664448_2663288'},,,,0,TRC40/GET3/ArsA family transport-energizing  ATPase
    {'NZ_AP017367_1_2680396_2678909'},,,,2546.779368,ABC transporter ATP-binding protein
    {'NZ_AP017367_1_3693095_3691974'},,,,2546.779368,ABC transporter ATP-binding protein
    {'NZ_AP017367_1_3827030_3827737'},,,,2546.779368,ABC transporter ATP-binding protein
    {'NZ_AP017367_1_3910563_3909442'},,,,2546.779368,ABC transporter ATP-binding protein
    {'NZ_AP017367_1_3961267_3962331'},,,,169.7852912,COG3842
    {'NZ_AP017367_1_4199965_4201479'},,,,2546.779368,ABC transporter ATP-binding protein
    {'NZ_AP017367_1_4258510_4260165'},,,,2546.779368,ABC transporter ATP-binding protein
    {'NZ_AP017367_1_4312678_4314432'},,,,2546.779368,ABC transporter ATP-binding protein
    {'NZ_AP017367_1_4702316_4701537'},,,,0,phosphate ABC transporter ATP-binding protein
    {'NZ_AP017367_1_4787040_4785319'},,,,393.4447614,COG1132
    {'NZ_AP017367_1_570918_569443'  },,,,393.4447614,COG1132
    {'NZ_AP017367_1_734345_735595'  },,,,2546.779368,COG3839
    {'NZ_AP017367_1_80638_82239'    },,,,393.4447614,COG1132
    {'NZ_AP017367_1_404735_401058'  },,,,35.91611929,glutamate synthase-related protein
    {'NZ_AP017367_1_5153575_5148947'},,,,24130.73451,glutamate synthase large subunit
    {'NZ_AP017367_1_5148428_5146968'},,,,0,glutamate synthase subunit beta
    {'NZ_AP017367_1_2307841_2305835'},,,,25056.39086,NAD(P)H-quinone oxidoreductase subunit 5
    {'NZ_AP017367_1_2453123_2452545'},,,,0,Maf family protein
    {'NZ_AP017367_1_4287377_4286463'},,,,0,NAD(+) kinase
    {'NZ_AP017367_1_5088183_5089097'},,,,0,NAD(+) kinase
    {'NZ_AP017367_1_5153566_5148902'},,,,24130.73451,glutamate synthase large subunit
    {'NZ_AP017367_1_605234_607021'  },,,,0,signal peptide peptidase SppA
    {'NZ_AP017367_1_3139255_3138551'},,,,0,urease subunit gamma
    {'NZ_AP017367_1_501228_502934'  },,,,0,urease subunit alpha
    {'NZ_AP017367_1_2081807_2080590'},,,,22752.86157,NAD(P)H-quinone oxidoreductase subunit 4
    {'NZ_AP017367_1_3983200_3984381'},,,,10892.37945,NAD(P)H-quinone oxidoreductase subunit H
    {'NZ_AP017367_1_4224293_4223769'},,,,32.65101754,NAD(P)H-quinone oxidoreductase subunit J
    {'NZ_AP017367_1_4224978_4224391'},,,,0,NADH dehydrogenase subunit K
    {'NZ_AP017367_1_4289057_4288458'},,,,16.32550877,NAD(P)H-quinone oxidoreductase subunit I
    {'NZ_AP017367_1_5157428_5156220'},,,,6148.186603,NADH-quinone oxidoreductase subunit M
    {'NZ_AP017367_1_563911_562415'  },,,,13.06040702,NAD(P)H-quinone oxidoreductase subunit N
    {'NZ_AP017367_1_4686467_4688575'},,,,0,molybdopterin oxidoreductase family protein
    {'NZ_AP017367_1_1969369_1971435'},,,,11468.66991,polyphosphate kinase 1
    {'NZ_AP017367_1_3969967_3969521'},,,,16.32550877,nucleoside-diphosphate kinase
    {'NZ_AP017367_1_739502_742792'  },,,,41522.29901,carbamoyl-phosphate synthase large subunit
    {'NZ_AP017367_1_1780732_1780001'},,,,0,UMP kinase
    {'NZ_AP017367_1_786464_785616'  },,,,0,bifunctional riboflavin kinase/FAD synthetase
    {'NZ_AP017367_1_3198702_3199925'},,,,0,methionine adenosyltransferase
    {'NZ_AP017367_1_3469431_3470009'},,,,7499.938729,LOG family protein
    {'NZ_AP017367_1_789220_788393'  },,,,0,5'/3'-nucleotidase SurE
    {'NZ_AP017367_1_2982572_2984302'},,,,0,NAD+ synthase
    {'NZ_AP017367_1_1207326_1206817'},,,,0,denine phosphoribosyltransferase
    {'NZ_AP017367_1_3753957_3752566'},,,,26445.69166,glycolate oxidase subunit GlcD
    {'NZ_AP017367_1_1410730_1413174'},,,,0,putative PEP-binding protein
    {'NZ_AP017367_1_4639656_4637257'},,,,293.8591579,phosphoenolpyruvate synthase
    {'NZ_AP017367_1_1684548_1682818'},,,,1035.037256,pyruvate kinase
    {'NZ_AP017367_1_5405587_5404190'},,,,1035.037256,pyruvate kinase
    {'NZ_AP017367_1_1610147_1608759'},,,,0,NAD-dependent succinate-semialdehyde  dehydrogenase
    {'NZ_AP017367_1_3377048_3378463'},,,,16.32550877,aldehyde dehydrogenase family protein
    {'NZ_AP017367_1_3406301_3404772'},,,,12957.55631,L-glutamate gamma-semialdehyde dehydrogenase
    {'NZ_AP017367_1_834856_833459'  },,,,0,aminobutyraldehyde dehydrogenase
    {'NZ_AP017367_1_2402390_2403679'},,,,0,dihydrolipoamide acetyltransferase family
    {'NZ_AP017367_1_3216057_3217361'},,,,0,mercuric reductase
    {'NZ_AP017367_1_4644460_4642262'},,,,0,formate C-acetyltransferase
    {'NZ_AP017367_1_4902224_4903456'},,,,0,malic enzyme-like NAD(P)-binding protein
    {'NZ_AP017367_1_126402_125455'  },,,,0,threo-3-hydroxy-L-aspartate ammonia-lyase
    {'NZ_AP017367_1_4647429_4644823'},,,,163.2550877,bifunctional acetaldehyde-CoA/alcohol
    {'NZ_AP017367_1_3553187_3551196'},,,,0,phosphate acetyltransferase
    {'NZ_AP017367_1_2776776_2778719'},,,,48.97652631,acetate--CoA ligase
    {'NZ_AP017367_1_3039739_3038579'},,,,0,glutamate 5-kinase
    {'NZ_AP017367_1_2859369_2857960'},,,,530.579035,type I glutamate--ammonia ligase
    {'NZ_AP017367_1_630445_631713'  },,,,999.1211367,type III glutamate--ammonia ligase
    {'NZ_AP017367_1_1128060_1127377'},,,,0,phosphoribosylformylglycinamidine synthase
    {'NZ_AP017367_1_3693512_3694132'},,,,0,imidazole glycerol phosphate synthase subunit
    {'NZ_AP017367_1_4654051_4652921'},,,,2849.503918,aspartate aminotransferase
    {'NZ_AP017367_1_504182_505351'  },,,,4654.40255,LL-diaminopimelate aminotransferase
    {'NZ_AP017367_1_3055390_3054170'},,,,0,bifunctional ornithine acetyltransferase/N-acetylglutamate synthase
    {'NZ_AP017367_1_693787_694557'  },,,,0,glutamate racemase
    {'NZ_AP017367_1_2937659_2939098'},,,,0,CoA-acylating methylmalonate-semialdehyde
    {'NZ_AP017367_1_834829_833447'  },,,,0,aminobutyraldehyde dehydrogenase
    {'NZ_AP017367_1_4127478_4126063'},,,,1895.391568,NADP-dependent isocitrate dehydrogenase
    {'NZ_AP017367_1_5241437_5240370'},,,,0,homocitrate synthase
    {'NZ_AP017367_1_5394210_5395850'},,,,0,COG1165
    {'NZ_AP017367_1_5063446_5064894'},,,,1466.030688,F0F1 ATP synthase subunit beta
    {'NZ_AP017367_1_3296351_3294978'},,,,0,UDP-glucose dehydrogenase family protein
    {'NZ_AP017367_1_4474461_4475468'},,,,11.42785614,mannose-1-phosphate guanyltransferase
    {'NZ_AP017367_1_964120_963026'  },,,,0,sugar phosphate nucleotidyltransferase
    {'NZ_AP017367_1_220727_221689'  },,,,93.05539999,UDP-glucose 4-epimerase GalE
    {'NZ_AP017367_1_584197_585234'  },,,,1042630.25,glucokinase
    {'NZ_AP017367_1_369981_371189'  },,,,0,acetate kinase
    {'NZ_AP017367_1_3288900_3287500'},,,,22741.43372,amidase
    {'NZ_AP017367_1_4906422_4904968'},,,,9.795305262,Asp-tRNA(Asn)/Glu-tRNA(Gln) amidotransferase subunit GatA
    {'NZ_AP017367_1_2906048_2906590'},,,,2200.678582,guanylate kinase
    {'NZ_AP017367_1_1320415_1318190'},,,,0,RelA/SpoT family protein
    {'NZ_AP017367_1_4465484_4464633'},,,,11018.08587,malate dehydrogenase
    {'NZ_AP017367_1_710088_713105'  },,,,17603.79611,phosphoenolpyruvate carboxylase
    {'NZ_AP017367_1_415757_414648'  },,,,0,citrate synthase
    {'NZ_AP017367_1_1030362_1029211'},,,,0,pyridoxal phosphate-dependent aminotransferase
    {'NZ_AP017367_1_1812953_1811457'},,,,25601.66285,L-aspartate oxidase
    {'NZ_AP017367_1_2051382_2053028'},,,,4649.504898,succinate dehydrogenase/fumarate reductase flavoprotein subunit
    {'NZ_AP017367_1_6281_4593'      },,,,13726.48777,FAD-dependent oxidoreductase
    {'NZ_AP017367_1_2435402_2436535'},,,,0,pyridoxal-phosphate-dependent aminotransferase family protein
    {'NZ_AP017367_1_4510150_4509080'},,,,0,alanine dehydrogenase
    {'NZ_AP017367_1_1211290_1212405'},,,,,
    {'NZ_AP017367_1_2642024_2642890'},,,,,
    {'NZ_AP017367_1_1305544_1306629'},,,,,
    {'NZ_AP017367_1_1589609_1590928'},,,,,
    {'NZ_AP017367_1_1450200_1449658'},,,,,
    {'NZ_AP017367_1_3371442_3369886'},,,,,
    {'NZ_AP017367_1_1320331_1318187'},,,,,
    {'NZ_AP017367_1_778678_779964'  },,,,,
    {'NZ_AP017367_1_1378206_1377097'},,,,,
    {'NZ_AP017367_1_2391828_2390440'},,,,,
    {'NZ_AP017367_1_800873_799293'  },,,,,
    {'NZ_AP017367_1_1599432_1600373'},,,,,
    {'NZ_AP017367_1_4085444_4084917'},,,,,
    {'NZ_AP017367_1_3356879_3358483'},,,,,
    {'NZ_AP017367_1_1108203_1109396'},,,,,
    {'NZ_AP017367_1_2486710_2485592'},,,,,
    {'NZ_AP017367_1_436074_437474'  },,,,,
    {'NZ_AP017367_1_436059_437543'  },,,,,
    {'NZ_AP017367_1_1742172_1741045'},,,,,
    {'NZ_AP017367_1_739502_742768'  },,,,,
    {'NZ_AP017367_1_2873318_2872671'},,,,,
    {'NZ_AP017367_1_5257556_5258188'},,,,,
    {'NZ_AP017367_1_2435396_2436490'},,,,,
    {'NZ_AP017367_1_3377051_3378466'},,,,,
    {'NZ_AP017367_1_2133091_2134083'},,,,,
    {'NZ_AP017367_1_3668919_3670097'},,,,,
    {'NZ_AP017367_1_1406654_1407637'},,,,,
    {'NZ_AP017367_1_3701167_3699920'},,,,,
    {'NZ_AP017367_1_4338980_4341103'},,,,,
    {'NZ_AP017367_1_2715147_2715887'},,,,,
    {'NZ_AP017367_1_5188923_5187727'},,,,,
    {'NZ_AP017367_1_4654066_4652891'},,,,,
    {'NZ_AP017367_1_504158_505339'  },,,,,
    {'NZ_AP017367_1_635237_634314'  },,,,,
    {'NZ_AP017367_1_1504691_1503699'},,,,,
    {'NZ_AP017367_1_838954_840021'  },,,,,
    {'NZ_AP017367_1_2937653_2939086'},,,,,
    {'NZ_AP017367_1_3377036_3378457'},,,,,
    {'NZ_AP017367_1_4378289_4379476'},,,,,
    {'NZ_AP017367_1_3996775_3995198'},,,,,
    {'NZ_AP017367_1_729149_729934'  },,,,,
    {'NZ_AP017367_1_1452837_1451884'},,,,,
    {'NZ_AP017367_1_3870045_3870905'},,,,,
    {'NZ_AP017367_1_4647411_4644808'},,,,,
    {'NZ_AP017367_1_3758335_3759345'},,,,,
    {'NZ_AP017367_1_2869988_2868990'},,,,,
    {'NZ_AP017367_1_4187926_4188963'},,,,,
    {'NZ_AP017367_1_431364_432134'  },,,,,
    {'NZ_AP017367_1_1031682_1033784'},,,,,
    {'NZ_AP017367_1_1489362_1491260'},,,,,
    {'NZ_AP017367_1_1253270_1251738'},,,,,
    {'NZ_AP017367_1_5266299_5266964'},,,,,
    {'NZ_AP017367_1_1041820_1042749'},,,,,
    {'NZ_AP017367_1_2849565_2850506'},,,,,
    {'NZ_AP017367_1_4686479_4688572'},,,,,
    {'NZ_AP017367_1_869567_870886'  },,,,,
    {'NZ_AP017367_1_1031676_1033778'},,,,,
    {'NZ_AP017367_1_2868334_2867045'},,,,,
    {'NZ_AP017367_1_2100288_2101181'},,,,,
    {'NZ_AP017367_1_2407496_2406471'},,,,,
    {'NZ_AP017367_1_1519522_1520499'},,,,,
    {'NZ_AP017367_1_1708304_1709281'},,,,,
    {'NZ_AP017367_1_235786_234854'  },,,,,
    {'NZ_AP017367_1_1462575_1463756'},,,,,
    {'NZ_AP017367_1_3427561_3429012'},,,,,
    {'NZ_AP017367_1_4477115_4478398'},,,,,
    {'NZ_AP017367_1_834844_833453'  },,,,,
    {'NZ_AP017367_1_1977364_1978146'},,,,,
    {'NZ_AP017367_1_4393671_4392385'},,,,,
    {'NZ_AP017367_1_3377024_3378406'},,,,,
    {'NZ_AP017367_1_2776860_2778722'},,,,,
    {'NZ_AP017367_1_1854029_1852440'},,,,,
    {'NZ_AP017367_1_1304649_1305476'},,,,,
    {'NZ_AP017367_1_1341580_1342857'},,,,,
    {'NZ_AP017367_1_4816153_4817430'},,,,,
    {'NZ_AP017367_1_1507378_1508148'},,,,,
    {'NZ_AP017367_1_5402901_5401276'},,,,,
    {'NZ_AP017367_1_4900684_4899980'},,,,,
    {'NZ_AP017367_1_4246978_4247598'},,,,,
    {'NZ_AP017367_1_2747115_2745928'},,,,,
    {'NZ_AP017367_1_3964487_3965068'},,,,,
    {'NZ_AP017367_1_4929096_4927561'},,,,,
    {'NZ_AP017367_1_4547178_4548212'},,,,,
    {'NZ_AP017367_1_838960_840021'  },,,,,
    {'NZ_AP017367_1_3207865_3208584'},,,,,
    {'NZ_AP017367_1_1271190_1272179'},,,,,
    {'NZ_AP017367_1_3486273_3485596'},,,,,
    {'NZ_AP017367_1_245737_246747'  },,,,,
    {'NZ_AP017367_1_2917620_2918612'},,,,,
    {'NZ_AP017367_1_4434917_4433934'},,,,,
    {'NZ_AP017367_1_245731_246717'  },,,,,
    {'NZ_AP017367_1_2917611_2918615'},,,,,
    {'NZ_AP017367_1_4434914_4433922'},,,,,
    {'NZ_AP017367_1_1348843_1349511'},,,,,
    {'NZ_AP017367_1_3904138_3906129'},,,,,
    {'NZ_AP017367_1_614055_612979'  },,,,,
    {'NZ_AP017367_1_730409_731248'  },,,,,
    {'NZ_AP017367_1_3711463_3712104'},,,,,
    {'NZ_AP017367_1_3154342_3152843'},,,,,
    {'NZ_AP017367_1_4571124_4570222'},,,,,
    {'NZ_AP017367_1_3448828_3447047'},,,,,
    {'NZ_AP017367_1_5054707_5053136'},,,,,
    {'NZ_AP017367_1_292109_293479'  },,,,,
    {'NZ_AP017367_1_1129919_1129038'},,,,,
    {'NZ_AP017367_1_1048203_1049228'},,,,,
    {'NZ_AP017367_1_1012037_1013605'},,,,,
    {'NZ_AP017367_1_1017747_1019012'},,,,,
    {'NZ_AP017367_1_4616269_4615169'},,,,,
    {'NZ_AP017367_1_2337807_2335879'},,,,,
    {'NZ_AP017367_1_4855009_4853891'},,,,,
    {'NZ_AP017367_1_3078074_3079270'},,,,,
    {'NZ_AP017367_1_4647429_4644829'},,,,,
    {'NZ_AP017367_1_2399742_2401505'},,,,,
    {'NZ_AP017367_1_2363619_2364395'},,,,,
    {'NZ_AP017367_1_1919790_1921892'},,,,,
    {'NZ_AP017367_1_753655_751985'  },,,,,
    {'NZ_AP017367_1_4511385_4512956'},,,,,
    {'NZ_AP017367_1_5241428_5240325'},,,,,
    {'NZ_AP017367_1_1375242_1373995'},,,,,
    {'NZ_AP017367_1_2969755_2970525'},,,,,
    {'NZ_AP017367_1_1611713_1612558'},,,,,
    {'NZ_AP017367_1_2330107_2327273'},,,,,
    {'NZ_AP017367_1_1250315_1249251'},,,,,
    {'NZ_AP017367_1_3004583_3006124'},,,,,
    {'NZ_AP017367_1_1159264_1157768'},,,,,
    {'NZ_AP017367_1_2881711_2880740'},,,,,
    {'NZ_AP017367_1_2927661_2926867'},,,,,
    {'NZ_AP017367_1_322908_323666'  },,,,,
    {'NZ_AP017367_1_2702679_2703722'},,,,,
    {'NZ_AP017367_1_4538537_4539604'},,,,,
    {'NZ_AP017367_1_2937647_2939080'},,,,,
    {'NZ_AP017367_1_3406046_3404757'},,,,,
    {'NZ_AP017367_1_2914027_2913413'},,,,,
    {'NZ_AP017367_1_859910_858981'  },,,,,
    {'NZ_AP017367_1_1898637_1899503'},,,,,
    {'NZ_AP017367_1_4641049_4640192'},,,,,
    {'NZ_AP017367_1_1610198_1608768'},,,,,
    {'NZ_AP017367_1_3377045_3378466'},,,,,
    {'NZ_AP017367_1_181615_182589'  },,,,,
    {'NZ_AP017367_1_220727_221695'  },,,,,
    {'NZ_AP017367_1_3010563_3011777'},,,,,
    {'NZ_AP017367_1_3996775_3995195'},,,,,
    {'NZ_AP017367_1_5404072_5403413'},,,,,
    {'NZ_AP017367_1_1991916_1990384'},,,,,
    {'NZ_AP017367_1_2258141_2257146'},,,,,
    {'NZ_AP017367_1_639768_641012'  },,,,,
    {'NZ_AP017367_1_2078644_2080038'},,,,,
    {'NZ_AP017367_1_923663_924346'  },,,,,
    {'NZ_AP017367_1_4264006_4264899'},,,,,
    {'NZ_AP017367_1_5019514_5018420'},,,,,
    {'NZ_AP017367_1_4057495_4058580'},,,,,
    {'NZ_AP017367_1_630451_631698'  },,,,,
    {'NZ_AP017367_1_1866124_1868463'},,,,,
    {'NZ_AP017367_1_2121586_2122833'},,,,,
    {'NZ_AP017367_1_3730760_3732205'},,,,,
    {'NZ_AP017367_1_1612841_1613728'},,,,,
    {'NZ_AP017367_1_3851300_3852625'},,,,,
    {'NZ_AP017367_1_2358988_2357783'},,,,,
    {'NZ_AP017367_1_1656657_1657727'},,,,,
    {'NZ_AP017367_1_3978707_3977406'},,,,,
    {'NZ_AP017367_1_4994466_4992703'},,,,,
    {'NZ_AP017367_1_3568202_3566976'},,,,,
    {'NZ_AP017367_1_1610186_1608744'},,,,,
    {'NZ_AP017367_1_285594_284830'  },,,,,
    {'NZ_AP017367_1_3898047_3899387'},,,,,
    {'NZ_AP017367_1_3899423_3901699'},,,,,
    {'NZ_AP017367_1_2827313_2828206'},,,,,
    {'NZ_AP017367_1_4352718_4351468'},,,,,
    {'NZ_AP017367_1_1451228_1450509'},,,,,
    {'NZ_AP017367_1_245731_246735'  },,,,,
    {'NZ_AP017367_1_1465390_1466160'},,,,,
    {'NZ_AP017367_1_2974781_2973759'},,,,,
    {'NZ_AP017367_1_3013109_3012114'},,,,,
    {'NZ_AP017367_1_5165516_5166082'},,,,,
    {'NZ_AP017367_1_3410912_3411808'},,,,,
    {'NZ_AP017367_1_1030389_1029223'},,,,,
    {'NZ_AP017367_1_202061_202708'  },,,,,
    {'NZ_AP017367_1_1398239_1399429'},,,,,
    {'NZ_AP017367_1_5471301_5470387'},,,,,
    {'NZ_AP017367_1_3527195_3525933'},,,,,
    {'NZ_AP017367_1_4345619_4346887'},,,,,
    {'NZ_AP017367_1_4663647_4664771'},,,,,
    {'NZ_AP017367_1_300004_301347'  },,,,,
    {'NZ_AP017367_1_5169485_5168307'},,,,,
    {'NZ_AP017367_1_4398980_4399909'},,,,,
    {'NZ_AP017367_1_1681265_1680606'},,,,,
    {'NZ_AP017367_1_853229_852627'  },,,,,
    {'NZ_AP017367_1_4874732_4875427'},,,,,
    {'NZ_AP017367_1_3913643_3914974'},,,,,
    {'NZ_AP017367_1_5195786_5197111'},,,,,
    {'NZ_AP017367_1_312678_313946'  },,,,,
    {'NZ_AP017367_1_4855117_4853894'},,,,,
    {'NZ_AP017367_1_4142046_4141057'},,,,,
    {'NZ_AP017367_1_4140979_4140122'},,,,,
    {'NZ_AP017367_1_2010276_2009047'},,,,,
    {'NZ_AP017367_1_1483647_1484717'},,,,,
    {'NZ_AP017367_1_4778615_4779688'},,,,,
    {'NZ_AP017367_1_5188923_5187733'},,,,,
    {'NZ_AP017367_1_924451_925200'  },,,,,
    {'NZ_AP017367_1_2535388_2535843'},,,,,
    {'NZ_AP017367_1_661730_662653'  },,,,,
    {'NZ_AP017367_1_1911343_1911864'},,,,,
    {'NZ_AP017367_1_1115588_1116457'},,,,,
    {'NZ_AP017367_1_5195783_5197156'},,,,,
    {'NZ_AP017367_1_2713670_2712675'},,,,,
    {'NZ_AP017367_1_3563115_3562102'},,,,,
    {'NZ_AP017367_1_4150139_4149129'},,,,,
    {'NZ_AP017367_1_5370275_5369106'},,,,,
    {'NZ_AP017367_1_5422250_5423611'},,,,,
    {'NZ_AP017367_1_297443_296577'  },,,,,
    {'NZ_AP017367_1_4950888_4952705'},,,,,
    {'NZ_AP017367_1_753643_751973'  },,,,,
    {'NZ_AP017367_1_1250502_1250915'},,,,,
    {'NZ_AP017367_1_834814_833429'  },,,,,
    {'NZ_AP017367_1_2500164_2499328'},,,,,
    {'NZ_AP017367_1_2937653_2939098'},,,,,
    {'NZ_AP017367_1_2204986_2203907'},,,,,
    {'NZ_AP017367_1_2526602_2525478'},,,,,
    {'NZ_AP017367_1_2396385_2395546'},,,,,
    {'NZ_AP017367_1_834838_833447'  },,,,,
    {'NZ_AP017367_1_1484869_1485894'},,,,,
    {'NZ_AP017367_1_4779820_4780836'},,,,,
    {'NZ_AP017367_1_1482147_1482686'},,,,,
    {'NZ_AP017367_1_4777112_4777651'},,,,,
    {'NZ_AP017367_1_1482689_1483579'},,,,,
    {'NZ_AP017367_1_4777654_4778595'},,,,,
    {'NZ_AP017367_1_1323473_1324885'},,,,,
    {'NZ_AP017367_1_381407_379920'  },,,,,
    {'NZ_AP017367_1_660817_659876'  },,,,,
    {'NZ_AP017367_1_4086915_4087709'},,,,,
    {'NZ_AP017367_1_442722_443468'  },,,,,
    {'NZ_AP017367_1_3698950_3699732'},,,,,
    {'NZ_AP017367_1_3765486_3765953'},,,,,
    {'NZ_AP017367_1_774918_773932'  },,,,,
    {'NZ_AP017367_1_2457854_2457039'},,,,,
    {'NZ_AP017367_1_163376_162357'  },,,,,
    {'NZ_AP017367_1_1286287_1285865'},,,,,
    {'NZ_AP017367_1_3668931_3670106'},,,,,
    {'NZ_AP017367_1_887341_886550'  },,,,,
    {'NZ_AP017367_1_277043_277831'  },,,,,
    {'NZ_AP017367_1_722380_721760'  },,,,,
    {'NZ_AP017367_1_2783404_2779655'},,,,,
    {'NZ_AP017367_1_1387718_1388632'},,,,,
    {'NZ_AP017367_1_1385944_1387413'},,,,,
    {'NZ_AP017367_1_1791877_1792602'},,,,,
    {'NZ_AP017367_1_276221_276928'  },,,,,
    {'NZ_AP017367_1_4700643_4699639'},,,,,
    {'NZ_AP017367_1_2702691_2703731'},,,,,
    {'NZ_AP017367_1_1758722_1759717'},,,,,
    {'NZ_AP017367_1_3867173_3866631'},,,,,
    {'NZ_AP017367_1_4961586_4960579'},,,,,
    {'NZ_AP017367_1_2705956_2707227'},,,,,
    {'NZ_AP017367_1_45038_46198'    },,,,,
    {'NZ_AP017367_1_4267550_4268299'},,,,,
    {'NZ_AP017367_1_1322010_1323368'},,,,,
    {'NZ_AP017367_1_3312724_3311654'},,,,,
    {'NZ_AP017367_1_3408212_3409462'},,,,,
    {'NZ_AP017367_1_669687_668854'  },,,,,
    {'NZ_AP017367_1_4265000_4265722'},,,,,
    {'NZ_AP017367_1_3372135_3373172'},,,,,
    {'NZ_AP017367_1_1213015_1212431'},,,,,
    {'NZ_AP017367_1_4401420_4402478'},,,,,
    {'NZ_AP017367_1_3705134_3705919'},,,,,
    {'NZ_AP017367_1_1301433_1300801'},,,,,
    {'NZ_AP017367_1_5443961_5443032'},,,,,
    {'NZ_AP017367_1_4172618_4171659'},,,,,
    {'NZ_AP017367_1_3481424_3480732'},,,,,
    {'NZ_AP017367_1_1282420_1283382'},,,,,
    {'NZ_AP017367_1_2842507_2846481'},,,,,
    {'NZ_AP017367_1_2999441_2998383'},,,,,
    {'NZ_AP017367_1_3872580_3874631'},,,,,
    {'NZ_AP017367_1_1673935_1673219'},,,,,
    {'NZ_AP017367_1_3627325_3625925'},,,,,
    {'NZ_AP017367_1_4548253_4549998'},,,,,
    {'NZ_AP017367_1_3623572_3622988'},,,,,
    {'NZ_AP017367_1_2686878_2686261'},,,,,
    {'NZ_AP017367_1_1117877_1116531'},,,,,
    {'NZ_AP017367_1_2754316_2753045'},,,,,
    {'NZ_AP017367_1_2699715_2698891'},,,,,
    {'NZ_AP017367_1_2345135_2344329'},,,,,
    {'NZ_AP017367_1_4473164_4474153'},,,,,
    {'NZ_AP017367_1_1120537_1119866'},,,,,
    {'NZ_AP017367_1_2724753_2723800'},,,,,
    {'NZ_AP017367_1_834910_833456'  },,,,,
    {'NZ_AP017367_1_1803178_1804215'},,,,,
    {'NZ_AP017367_1_3156939_3154765'},,,,,
    {'NZ_AP017367_1_1559645_1558884'},,,,,
    {'NZ_AP017367_1_2669186_2667936'},,,,,
    {'NZ_AP017367_1_260820_260005'  },,,,,
    {'NZ_AP017367_1_264241_263543'  },,,,,
    {'NZ_AP017367_1_258446_257304'  },,,,,
    {'NZ_AP017367_1_4077032_4077802'},,,,,
    {'NZ_AP017367_1_2675947_2675114'},,,,,
    {'NZ_AP017367_1_3957801_3957199'},,,,,
    {'NZ_AP017367_1_1838321_1836843'},,,,,
    {'NZ_AP017367_1_158426_157524'  },,,,,
    {'NZ_AP017367_1_588590_587688'  },,,,,
    {'NZ_AP017367_1_901090_901746'  },,,,,
    {'NZ_AP017367_1_1610183_1608759'},,,,,
    {'NZ_AP017367_1_1945979_1943946'},,,,,
    {'NZ_AP017367_1_5471289_5470372'},,,,,
    {'NZ_AP017367_1_3410909_3411799'},,,,,
    {'NZ_AP017367_1_2774577_2773213'},,,,,
    {'NZ_AP017367_1_1892588_1893253'},,,,,
    {'NZ_AP017367_1_39230_40102'    },,,,,
    {'NZ_AP017367_1_1673953_1673216'},,,,,
    {'NZ_AP017367_1_1816263_1817027'},,,,,
    {'NZ_AP017367_1_1787944_1787051'},,,,,
    {'NZ_AP017367_1_361205_360531'  },,,,,
    {'NZ_AP017367_1_4210792_4209857'},,,,,
    {'NZ_AP017367_1_4506816_4508633'},,,,,
    {'NZ_AP017367_1_3099667_3099203'},,,,,
    {'NZ_AP017367_1_2792709_2794070'},,,,,
    {'NZ_AP017367_1_42501_43523'    },,,,,
    {'NZ_AP017367_1_530983_529835'  },,,,,
    {'NZ_AP017367_1_1520749_1521687'},,,,,
    {'NZ_AP017367_1_1709552_1710463'},,,,,
    {'NZ_AP017367_1_4295784_4296926'},,,,,
    {'NZ_AP017367_1_4099111_4097972'},,,,,
    {'NZ_AP017367_1_296369_295680'  },,,,,
    {'NZ_AP017367_1_2728216_2727515'},,,,,
    {'NZ_AP017367_1_419382_418192'  },,,,,
    {'NZ_AP017367_1_4112766_4113797'},,,,,
    {'NZ_AP017367_1_4708346_4709227'},,,,,
    {'NZ_AP017367_1_1257865_1256342'},,,,,
    {'NZ_AP017367_1_2934581_2933190'},,,,,
    {'NZ_AP017367_1_346276_347214'  },,,,,
    {'NZ_AP017367_1_1001825_1002838'},,,,,
    {'NZ_AP017367_1_1763107_1764126'},,,,,
    {'NZ_AP017367_1_781545_782246'  },,,,,
    {'NZ_AP017367_1_2936635_2937549'},,,,,
    {'NZ_AP017367_1_4635657_4636745'},,,,,
    {'NZ_AP017367_1_4007599_4008957'},,,,,
    {'NZ_AP017367_1_423705_424538'  },,,,,
    {'NZ_AP017367_1_691138_690038'  },,,,,
    {'NZ_AP017367_1_1656004_1655465'},,,,,
    {'NZ_AP017367_1_3961255_3962202'},,,,,
    {'NZ_AP017367_1_3664600_3663863'},,,,,
    {'NZ_AP017367_1_3949968_3950699'},,,,,
    {'NZ_AP017367_1_987553_988668'  },,,,,
    {'NZ_AP017367_1_1893434_1894921'},,,,,
    {'NZ_AP017367_1_734345_735571'  },,,,,
    {'NZ_AP017367_1_2161347_2158564'},,,,,
    {'NZ_AP017367_1_3559775_3560524'},,,,,
    {'NZ_AP017367_1_5440072_5442828'},,,,,
    {'NZ_AP017367_1_3252630_3250837'},,,,,
    {'NZ_AP017367_1_3479093_3476793'},,,,,
    {'NZ_AP017367_1_1913844_1913101'},,,,,
    {'NZ_AP017367_1_3893257_3892604'},,,,,
    {'NZ_AP017367_1_2295369_2294392'},,,,,
    {'NZ_AP017367_1_3938241_3938999'},,,,,
    {'NZ_AP017367_1_3939070_3939765'},,,,,
    {'NZ_AP017367_1_2320440_2321561'},,,,,
    {'NZ_AP017367_1_3810734_3809748'},,,,,
    {'NZ_AP017367_1_1893428_1894783'},,,,,
    {'NZ_AP017367_1_179199_180326'  },,,,,
    {'NZ_AP017367_1_2367350_2368045'},,,,,
    {'NZ_AP017367_1_1073102_1073989'},,,,,
    {'NZ_AP017367_1_3107392_3108936'},,,,,
    {'NZ_AP017367_1_1132494_1134830'},,,,,
    {'NZ_AP017367_1_3479114_3476790'},,,,,
    {'NZ_AP017367_1_1893434_1894861'},,,,,
    {'NZ_AP017367_1_1985422_1984313'},,,,,
    {'NZ_AP017367_1_273243_271378'  },,,,,
    {'NZ_AP017367_1_1722298_1720322'},,,,,
    {'NZ_AP017367_1_4681047_4682372'},,,,,
    {'NZ_AP017367_1_4686464_4688572'},,,,,
    {'NZ_AP017367_1_2527526_2526792'},,,,,
    {'NZ_AP017367_1_1197005_1199566'},,,,,
    {'NZ_AP017367_1_93848_95311'    },,,,,
    {'NZ_AP017367_1_96479_97327'    },,,,,
    {'NZ_AP017367_1_3810767_3809820'},,,,,
    {'NZ_AP017367_1_74952_77282'    },,,,,
    {'NZ_AP017367_1_1706086_1705070'},,,,,
    {'NZ_AP017367_1_2051310_2053028'},,,,,
    {'NZ_AP017367_1_2237327_2236602'},,,,,
    {'NZ_AP017367_1_3890531_3891073'},,,,,
    {'NZ_AP017367_1_4602904_4601861'},,,,,
    {'NZ_AP017367_1_62075_61296'    },,,,,
    {'NZ_AP017367_1_1052191_1053477'},,,,,
    {'NZ_AP017367_1_1454861_1456165'},,,,,
    {'NZ_AP017367_1_2725258_2726886'},,,,,
    {'NZ_AP017367_1_4837528_4836407'},,,,,
    {'NZ_AP017367_1_1854029_1852377'},,,,,
    {'NZ_AP017367_1_1856760_1854265'},,,,,
    {'NZ_AP017367_1_3031854_3031117'},,,,,
    {'NZ_AP017367_1_3294085_3294738'},,,,,
    {'NZ_AP017367_1_199039_198128'  },,,,,
    {'NZ_AP017367_1_1783395_1784621'},,,,,
    {'NZ_AP017367_1_2281269_2281955'},,,,,
    {'NZ_AP017367_1_1185287_1186063'},,,,,
    {'NZ_AP017367_1_648663_650432'  },,,,,
    {'NZ_AP017367_1_259765_259325'  },,,,,
    {'NZ_AP017367_1_3282122_3281394'},,,,,
    {'NZ_AP017367_1_3902520_3903743'},,,,,
    {'NZ_AP017367_1_808403_807441'  },,,,,
    {'NZ_AP017367_1_4531520_4538059'},,,,,
    {'NZ_AP017367_1_1185278_1186039'},,,,,
    {'NZ_AP017367_1_807364_806489'  },,,,,
    {'NZ_AP017367_1_1262100_1260754'},,,,,
    {'NZ_AP017367_1_34450_37569'    },,,,,
    {'NZ_AP017367_1_4432405_4431341'},,,,,
    {'NZ_AP017367_1_2161368_2158561'},,,,,
    {'NZ_AP017367_1_676913_679576'  },,,,,
    {'NZ_AP017367_1_1161806_1160709'},,,,,
    {'NZ_AP017367_1_2125540_2123981'},,,,,
    {'NZ_AP017367_1_2552647_2550521'},,,,,
    {'NZ_AP017367_1_5440033_5442780'},,,,,
    {'NZ_AP017367_1_3479105_3476796'},,,,,
    {'NZ_AP017367_1_4686467_4688590'},,,,,
    {'NZ_AP017367_1_1856256_1854259'},,,,,
    {'NZ_AP017367_1_1854035_1852719'},,,,,
    {'NZ_AP017367_1_1352507_1353670'},,,,,
    {'NZ_AP017367_1_2318419_2320182'},,,,,
    {'NZ_AP017367_1_5457087_5458367'},,,,,
    {'NZ_AP017367_1_1073165_1074097'},,,,,
    {'NZ_AP017367_1_62078_61317'    },,,,,
    {'NZ_AP017367_1_5063470_5064888'},,,,,
    {'NZ_AP017367_1_5440024_5442810'},,,,,
    {'NZ_AP017367_1_676898_679534'  },,,,,
    {'NZ_AP017367_1_5434571_5435680'},,,,,
    {'NZ_AP017367_1_1454876_1456174'},,,,,
    {'NZ_AP017367_1_4679309_4680832'},,,,,
    {'NZ_AP017367_1_2707405_2708328'},,,,,
    {'NZ_AP017367_1_2258868_2260118'},,,,,
    {'NZ_AP017367_1_707652_708524'  },,,,,
    {'NZ_AP017367_1_2011380_2010484'},,,,,
    {'NZ_AP017367_1_298460_297681'  },,,,,
    {'NZ_AP017367_1_1868780_1871200'},,,,,
    {'NZ_AP017367_1_482467_480035'  },,,,,
    {'NZ_AP017367_1_5177287_5179617'},,,,,
    {'NZ_AP017367_1_5157740_5156298'},,,,,
    {'NZ_AP017367_1_4290184_4289156'},,,,,
    {'NZ_AP017367_1_3617362_3618093'},,,,,
    {'NZ_AP017367_1_4100276_4099557'},,,,,
    {'NZ_AP017367_1_2674524_2673886'},,,,,
    {'NZ_AP017367_1_3533120_3534325'},,,,,
    {'NZ_AP017367_1_4746874_4748031'},,,,,
    {'NZ_AP017367_1_5124966_5126957'},,,,,
    {'NZ_AP017367_1_4075527_4076966'},,,,,
    {'NZ_AP017367_1_4099015_4097957'},,,,,
    {'NZ_AP017367_1_891204_889447'  },,,,,
    {'NZ_AP017367_1_4571618_4573414'},,,,,
    {'NZ_AP017367_1_1897165_1895819'},,,,,
    {'NZ_AP017367_1_1557841_1556381'},,,,,
    {'NZ_AP017367_1_1999798_2000664'},,,,,
    {'NZ_AP017367_1_3516130_3514001'},,,,,
    {'NZ_AP017367_1_1908270_1909490'},,,,,
    {'NZ_AP017367_1_2189789_2192638'},,,,,
    {'NZ_AP017367_1_2910770_2908230'},,,,,
    {'NZ_AP017367_1_4430524_4428038'},,,,,
    {'NZ_AP017367_1_4430593_4428041'},,,,,
    {'NZ_AP017367_1_310625_309051'  },,,,,
    {'NZ_AP017367_1_789549_790526'  },,,,,
    {'NZ_AP017367_1_3362778_3360988'},,,,,
    {'NZ_AP017367_1_2348687_2349952'},,,,,
    {'NZ_AP017367_1_3837462_3835690'},,,,,
    {'NZ_AP017367_1_706486_707463'  },,,,,
    {'NZ_AP017367_1_2910770_2908365'},,,,,
    {'NZ_AP017367_1_5038002_5039057'},,,,,
    {'NZ_AP017367_1_2239886_2238627'},,,,,
    {'NZ_AP017367_1_4123643_4123068'},,,,,
    {'NZ_AP017367_1_1117856_1116519'},,,,,
    {'NZ_AP017367_1_1352507_1353664'},,,,,
    {'NZ_AP017367_1_4964681_4963635'},,,,,
    {'NZ_AP017367_1_259306_258533'  },,,,,
    {'NZ_AP017367_1_5244998_5243730'},,,,,
    {'NZ_AP017367_1_5248856_5247330'},,,,,
    {'NZ_AP017367_1_5246335_5245070'},,,,,
    {'NZ_AP017367_1_5250465_5249026'},,,,,
    {'NZ_AP017367_1_5246341_5245070'},,,,,
    {'NZ_AP017367_1_5250468_5249029'},,,,,
    {'NZ_AP017367_1_1525001_1523628'},,,,,
    {'NZ_AP017367_1_4814090_4813095'},,,,,
    {'NZ_AP017367_1_914307_914942'  },,,,,
    {'NZ_AP017367_1_4448293_4446863'},,,,,
    {'NZ_AP017367_1_1524986_1523613'},,,,,
    {'NZ_AP017367_1_4531439_4535938'},,,,,
    {'NZ_AP017367_1_2919485_2920906'},,,,,
    {'NZ_AP017367_1_636768_635401'  },,,,,
    {'NZ_AP017367_1_445107_443614'  },,,,,
    {'NZ_AP017367_1_935984_937492'  },,,,,
    {'NZ_AP017367_1_107544_108776'  },,,,,
    {'NZ_AP017367_1_5121450_5120743'},,,,,
    {'NZ_AP017367_1_1001771_1002859'},,,,,
    {'NZ_AP017367_1_2106877_2107821'},,,,,
    {'NZ_AP017367_1_589798_590868'  },,,,,
    {'NZ_AP017367_1_5098078_5098740'},,,,,
    {'NZ_AP017367_1_3002795_3003919'},,,,,
    {'NZ_AP017367_1_2825012_2823807'},,,,,
    {'NZ_AP017367_1_1314667_1315548'},,,,,
    {'NZ_AP017367_1_272145_271348'  },,,,,
    {'NZ_AP017367_1_3990525_3991793'},,,,,
    {'NZ_AP017367_1_894268_892973'  },,,,,
    {'NZ_AP017367_1_2664451_2663279'},,,,,
    {'NZ_AP017367_1_4685612_4686370'},,,,,
    {'NZ_AP017367_1_273839_276073'  },,,,,
    {'NZ_AP017367_1_2290445_2291911'},,,,,
    {'NZ_AP017367_1_696892_698196'  },,,,,
    {'NZ_AP017367_1_3656054_3654819'},,,,,
    {'NZ_AP017367_1_1551965_1549980'},,,,,
    {'NZ_AP017367_1_1948931_1947429'},,,,,
    {'NZ_AP017367_1_2990498_2988846'},,,,,
    {'NZ_AP017367_1_3911458_3913113'},,,,,
    {'NZ_AP017367_1_5440039_5442819'},,,,,
    {'NZ_AP017367_1_2231778_2230438'},,,,,
    {'NZ_AP017367_1_2233363_2232236'},,,,,
    {'NZ_AP017367_1_3729076_3730617'},,,,,
    {'NZ_AP017367_1_1985410_1984316'},,,,,
    {'NZ_AP017367_1_3890534_3891073'},,,,,
    {'NZ_AP017367_1_2231778_2230399'},,,,,
    {'NZ_AP017367_1_3181497_3182645'},,,,,
    {'NZ_AP017367_1_4923343_4921904'},,,,,
    {'NZ_AP017367_1_4432423_4431359'},,,,,
    {'NZ_AP017367_1_1096480_1094423'},,,,,
    {'NZ_AP017367_1_3332949_3331033'},,,,,
    {'NZ_AP017367_1_2657858_2658934'},,,,,
    {'NZ_AP017367_1_781536_782249'  },,,,,
    {'NZ_AP017367_1_4403479_4402550'},,,,,
    {'NZ_AP017367_1_608541_609650'  },,,,,
    {'NZ_AP017367_1_4181847_4180555'},,,,,
    {'NZ_AP017367_1_1035177_1036232'},,,,,
    {'NZ_AP017367_1_2240305_2241378'},,,,,
    {'NZ_AP017367_1_3157481_3158554'},,,,,
    {'NZ_AP017367_1_3398848_3399903'},,,,,
    {'NZ_AP017367_1_1263834_1262743'},,,,,
    {'NZ_AP017367_1_3687176_3686043'},,,,,
    {'NZ_AP017367_1_3787760_3786627'},,,,,
    {'NZ_AP017367_1_4406353_4405274'},,,,,
    {'NZ_AP017367_1_5254033_5252906'},,,,,
    {'NZ_AP017367_1_3754363_3755148'},,,,,
    {'NZ_AP017367_1_4686467_4688557'},,,,,
    {'NZ_AP017367_1_3238963_3240099'},,,,,
    {'NZ_AP017367_1_1337251_1338609'},,,,,
    {'NZ_AP017367_1_4159607_4161082'},,,,,
