{'NZ_AP017367_1_2648387_2647884'},,,,1779.480456,inorganic diphosphatase
    {'NZ_AP017367_1_1410328_1409810'},,,,0,acetolactate synthase small subunit
    {'NZ_AP017367_1_1608690_1607074'},,,,10356.90276,acetolactate synthase large subunit
    {'NZ_AP017367_1_5029535_5028120'},,,,36319.35936,biosynthetic-type acetolactate synthase large
    {'NZ_AP017367_1_1608660_1607077'},,,,36319.35936,biosynthetic-type acetolactate synthase large
    {'NZ_AP017367_1_5029574_5028219'},,,,36319.35936,biosynthetic-type acetolactate synthase large
    {'NZ_AP017367_1_3816554_3815529'},,,,3598.142133,pyruvate dehydrogenase (acetyl-transferring) E1 component subunit alpha
    {'NZ_AP017367_1_29956_28976'    },,,,0,alpha-ketoacid dehydrogenase subunit beta
    {'NZ_AP017367_1_398996_396423'  },,,,0,COG1049
    {'NZ_AP017367_1_1468096_1469502'},,,,388.5471087,form I ribulose bisphosphate carboxylase large subunit
    {'NZ_AP017367_1_1322007_1323359'},,,,2615.346505,glycoside hydrolase family 1 protein
    {'NZ_AP017367_1_4075542_4076963'},,,,202692.6192,glycoside hydrolase family 13 protein
    {'NZ_AP017367_1_927576_926659'  },,,,7447.697101,porphobilinogen synthase
    {'NZ_AP017367_1_4740936_4740310'},,,,0,cytochrome c oxidase subunit 3
    {'NZ_AP017367_1_5389535_5390110'},,,,0,cytochrome c oxidase subunit 3
    {'NZ_AP017367_1_4742775_4741126'},,,,75281.81859,cytochrome c oxidase subunit I
    {'NZ_AP017367_1_5387794_5389458'},,,,75281.81859,cytochrome c oxidase subunit I
    {'NZ_AP017367_1_4743956_4742877'},,,,0,cytochrome c oxidase subunit II
    {'NZ_AP017367_1_5386787_5387647'},,,,0,cytochrome c oxidase subunit II
    {'NZ_AP017367_1_694823_695740'  },,,,24.48826316,hydroxymethylbilane synthase
    {'NZ_AP017367_1_5063476_5064858'},,,,1466.030688,F0F1 ATP synthase subunit beta
    {'NZ_AP017367_1_907100_905592'  },,,,17.95805965,F0F1 ATP synthase subunit alpha
    {'NZ_AP017367_1_1073105_1074094'},,,,2546.779368,ABC transporter ATP-binding protein
    {'NZ_AP017367_1_1174299_1172830'},,,,0,COG0664
    {'NZ_AP017367_1_1178841_1177345'},,,,2546.779368,ABC transporter ATP-binding protein
    {'NZ_AP017367_1_1433196_1434686'},,,,0,peptidase domain-containing ABC transporter
    {'NZ_AP017367_1_1981492_1980431'},,,,2546.779368,ABC transporter ATP-binding protein
    {'NZ_AP017367_1_2664448_2663288'},,,,0,TRC40/GET3/ArsA family transport-energizing  ATPase
    {'NZ_AP017367_1_2680396_2678909'},,,,2546.779368,ABC transporter ATP-binding protein
    {'NZ_AP017367_1_3693095_3691974'},,,,2546.779368,ABC transporter ATP-binding protein
    {'NZ_AP017367_1_3827030_3827737'},,,,2546.779368,ABC transporter ATP-binding protein
    {'NZ_AP017367_1_3910563_3909442'},,,,2546.779368,ABC transporter ATP-binding protein
    {'NZ_AP017367_1_3961267_3962331'},,,,169.7852912,COG3842
    {'NZ_AP017367_1_4199965_4201479'},,,,2546.779368,ABC transporter ATP-binding protein
    {'NZ_AP017367_1_4258510_4260165'},,,,2546.779368,ABC transporter ATP-binding protein
    {'NZ_AP017367_1_4312678_4314432'},,,,2546.779368,ABC transporter ATP-binding protein
    {'NZ_AP017367_1_4702316_4701537'},,,,94.68795087,phosphate ABC transporter ATP-binding protein
    {'NZ_AP017367_1_4787040_4785319'},,,,16356.52724,COG1132
    {'NZ_AP017367_1_570918_569443'  },,,,16356.52724,COG1132
    {'NZ_AP017367_1_734345_735595'  },,,,2546.779368,COG3839
    {'NZ_AP017367_1_80638_82239'    },,,,16356.52724,COG1132
    {'NZ_AP017367_1_404735_401058'  },,,,35.91611929,glutamate synthase-related protein
    {'NZ_AP017367_1_5153575_5148947'},,,,24130.73451,glutamate synthase large subunit
    {'NZ_AP017367_1_5148428_5146968'},,,,0,glutamate synthase subunit beta
    {'NZ_AP017367_1_2307841_2305835'},,,,25056.39086,NAD(P)H-quinone oxidoreductase subunit 5
    {'NZ_AP017367_1_2453123_2452545'},,,,0,Maf family protein
    {'NZ_AP017367_1_4287377_4286463'},,,,0,NAD(+) kinase
    {'NZ_AP017367_1_5088183_5089097'},,,,0,NAD(+) kinase
    {'NZ_AP017367_1_5153566_5148902'},,,,24130.73451,glutamate synthase large subunit
    {'NZ_AP017367_1_605234_607021'  },,,,0,signal peptide peptidase SppA
    {'NZ_AP017367_1_3139255_3138551'},,,,0,urease subunit gamma
    {'NZ_AP017367_1_501228_502934'  },,,,0,urease subunit alpha
    {'NZ_AP017367_1_2081807_2080590'},,,,22752.86157,NAD(P)H-quinone oxidoreductase subunit 4
    {'NZ_AP017367_1_3983200_3984381'},,,,10892.37945,NAD(P)H-quinone oxidoreductase subunit H
    {'NZ_AP017367_1_4224293_4223769'},,,,32.65101754,NAD(P)H-quinone oxidoreductase subunit J
    {'NZ_AP017367_1_4224978_4224391'},,,,0,NADH dehydrogenase subunit K
    {'NZ_AP017367_1_4289057_4288458'},,,,16.32550877,NAD(P)H-quinone oxidoreductase subunit I
    {'NZ_AP017367_1_5157428_5156220'},,,,6148.186603,NADH-quinone oxidoreductase subunit M
    {'NZ_AP017367_1_563911_562415'  },,,,13.06040702,NAD(P)H-quinone oxidoreductase subunit N
    {'NZ_AP017367_1_4686467_4688575'},,,,0,molybdopterin oxidoreductase family protein
    {'NZ_AP017367_1_1969369_1971435'},,,,11468.66991,polyphosphate kinase 1
    {'NZ_AP017367_1_3969967_3969521'},,,,16.32550877,nucleoside-diphosphate kinase
    {'NZ_AP017367_1_739502_742792'  },,,,41522.29901,carbamoyl-phosphate synthase large subunit
    {'NZ_AP017367_1_1780732_1780001'},,,,0,UMP kinase
    {'NZ_AP017367_1_786464_785616'  },,,,0,bifunctional riboflavin kinase/FAD synthetase
    {'NZ_AP017367_1_3198702_3199925'},,,,0,methionine adenosyltransferase
    {'NZ_AP017367_1_3469431_3470009'},,,,7499.938729,LOG family protein
    {'NZ_AP017367_1_789220_788393'  },,,,0,5'/3'-nucleotidase SurE
    {'NZ_AP017367_1_2982572_2984302'},,,,0,NAD+ synthase
    {'NZ_AP017367_1_1207326_1206817'},,,,0,Adenine phosphoribosyltransferase
    {'NZ_AP017367_1_3753957_3752566'},,,,26445.69166,glycolate oxidase subunit GlcD
    {'NZ_AP017367_1_1410730_1413174'},,,,0,putative PEP-binding protein
    {'NZ_AP017367_1_4639656_4637257'},,,,293.8591579,phosphoenolpyruvate synthase
    {'NZ_AP017367_1_1684548_1682818'},,,,1035.037256,pyruvate kinase
    {'NZ_AP017367_1_5405587_5404190'},,,,1035.037256,pyruvate kinase
    {'NZ_AP017367_1_1610147_1608759'},,,,0,NAD-dependent succinate-semialdehyde  dehydrogenase
    {'NZ_AP017367_1_3377048_3378463'},,,,16.32550877,aldehyde dehydrogenase family protein
    {'NZ_AP017367_1_3406301_3404772'},,,,12957.55631,L-glutamate gamma-semialdehyde dehydrogenase
    {'NZ_AP017367_1_834856_833459'  },,,,0,aminobutyraldehyde dehydrogenase
    {'NZ_AP017367_1_2402390_2403679'},,,,0,dihydrolipoamide acetyltransferase family
    {'NZ_AP017367_1_3216057_3217361'},,,,0,mercuric reductase
    {'NZ_AP017367_1_4644460_4642262'},,,,0,formate C-acetyltransferase
    {'NZ_AP017367_1_4902224_4903456'},,,,0,malic enzyme-like NAD(P)-binding protein
    {'NZ_AP017367_1_126402_125455'  },,,,0,threo-3-hydroxy-L-aspartate ammonia-lyase
    {'NZ_AP017367_1_4647429_4644823'},,,,163.2550877,bifunctional acetaldehyde-CoA/alcohol
    {'NZ_AP017367_1_3553187_3551196'},,,,0,phosphate acetyltransferase
    {'NZ_AP017367_1_2776776_2778719'},,,,48.97652631,acetate--CoA ligase
    {'NZ_AP017367_1_3039739_3038579'},,,,0,glutamate 5-kinase
    {'NZ_AP017367_1_2859369_2857960'},,,,530.579035,type I glutamate--ammonia ligase
    {'NZ_AP017367_1_630445_631713'  },,,,999.1211367,type III glutamate--ammonia ligase
    {'NZ_AP017367_1_1128060_1127377'},,,,4020.97281,phosphoribosylformylglycinamidine synthase
    {'NZ_AP017367_1_3693512_3694132'},,,,0,imidazole glycerol phosphate synthase subunit
    {'NZ_AP017367_1_4654051_4652921'},,,,2849.503918,aspartate aminotransferase
    {'NZ_AP017367_1_504182_505351'  },,,,4654.40255,LL-diaminopimelate aminotransferase
    {'NZ_AP017367_1_3055390_3054170'},,,,0,bifunctional ornithine acetyltransferase/N-acetylglutamate synthase
    {'NZ_AP017367_1_693787_694557'  },,,,0,glutamate racemase
    {'NZ_AP017367_1_2937659_2939098'},,,,0,CoA-acylating methylmalonate-semialdehyde
    {'NZ_AP017367_1_834829_833447'  },,,,0,aminobutyraldehyde dehydrogenase
    {'NZ_AP017367_1_4127478_4126063'},,,,1895.391568,NADP-dependent isocitrate dehydrogenase
    {'NZ_AP017367_1_5241437_5240370'},,,,0,homocitrate synthase
    {'NZ_AP017367_1_5394210_5395850'},,,,0,COG1165
    {'NZ_AP017367_1_5063446_5064894'},,,,1466.030688,F0F1 ATP synthase subunit beta
    {'NZ_AP017367_1_3296351_3294978'},,,,0,UDP-glucose dehydrogenase family protein
    {'NZ_AP017367_1_4474461_4475468'},,,,11.42785614,mannose-1-phosphate guanyltransferase
    {'NZ_AP017367_1_964120_963026'  },,,,0,sugar phosphate nucleotidyltransferase
    {'NZ_AP017367_1_220727_221689'  },,,,93.05539999,UDP-glucose 4-epimerase GalE
    {'NZ_AP017367_1_584197_585234'  },,,,1042630.25,glucokinase
    {'NZ_AP017367_1_369981_371189'  },,,,0,acetate kinase
    {'NZ_AP017367_1_3288900_3287500'},,,,7819.918701,amidase
    {'NZ_AP017367_1_4906422_4904968'},,,,9.795305262,Asp-tRNA(Asn)/Glu-tRNA(Gln) amidotransferase subunit GatA
    {'NZ_AP017367_1_2906048_2906590'},,,,2200.678582,guanylate kinase
    {'NZ_AP017367_1_1320415_1318190'},,,,0,RelA/SpoT family protein
    {'NZ_AP017367_1_4465484_4464633'},,,,11018.08587,malate dehydrogenase
    {'NZ_AP017367_1_710088_713105'  },,,,17603.79611,phosphoenolpyruvate carboxylase
    {'NZ_AP017367_1_415757_414648'  },,,,0,citrate synthase
    {'NZ_AP017367_1_1030362_1029211'},,,,0,pyridoxal phosphate-dependent aminotransferase
    {'NZ_AP017367_1_1812953_1811457'},,,,25601.66285,L-aspartate oxidase
    {'NZ_AP017367_1_2051382_2053028'},,,,4649.504898,succinate dehydrogenase/fumarate reductase flavoprotein subunit
    {'NZ_AP017367_1_6281_4593'      },,,,13726.48777,FAD-dependent oxidoreductase
    {'NZ_AP017367_1_2435402_2436535'},,,,0,pyridoxal-phosphate-dependent aminotransferase family protein
    {'NZ_AP017367_1_4510150_4509080'},,,,0,alanine dehydrogenase
    {'NZ_AP017367_1_1211290_1212405'},,,,1562.351189,alanine racemase
    {'NZ_AP017367_1_2642024_2642890'},,,,0,succinate--CoA ligase subunit alpha
    {'NZ_AP017367_1_1305544_1306629'},,,,0,non-hydrolyzing UDP-N-acetylglucosamine 2-epimerase
    {'NZ_AP017367_1_1589609_1590928'},,,,0,bifunctional UDP-N-acetylglucosamine diphosphorylase/glucosamine-1-phosphate N-acetyltransferase GlmU
    {'NZ_AP017367_1_1450200_1449658'},,,,4389.929308,GTP cyclohydrolase I FolE
    {'NZ_AP017367_1_3371442_3369886'},,,,0,"bifunctional 3,4-dihydroxy-2-butanone-4-phosphate synthase/GTP cyclohydrolase II"
    {'NZ_AP017367_1_1320331_1318187'},,,,0,RelA/SpoT family protein
    {'NZ_AP017367_1_778678_779964'  },,,,0,diaminopimelate decarboxylase
    {'NZ_AP017367_1_1378206_1377097'},,,,0,"arginine 2,3-aminomutase"
    {'NZ_AP017367_1_2391828_2390440'},,,,8.162754385,aspartate ammonia-lyase
    {'NZ_AP017367_1_800873_799293'  },,,,0,gamma-glutamyltransferase family protein
    {'NZ_AP017367_1_1599432_1600373'},,,,0,glutathione synthase
    {'NZ_AP017367_1_4085444_4084917'},,,,0,adenylyl-sulfate kinase
    {'NZ_AP017367_1_3356879_3358483'},,,,0,bifunctional pantoate--beta-alanine ligase/(d)CMP kinase
    {'NZ_AP017367_1_1108203_1109396'},,,,5806.98347,fmdA
    {'NZ_AP017367_1_2486710_2485592'},,,,6.530203508,sulfate adenylyltransferase
    {'NZ_AP017367_1_436074_437474'  },,,,0,aminotransferase class I/II-fold pyridoxal phosphate-dependent enzyme
    {'NZ_AP017367_1_436059_437543'  },,,,0,aminotransferase class I/II-fold pyridoxal phosphate-dependent enzyme
    {'NZ_AP017367_1_1742172_1741045'},,,,0,glutamine-hydrolyzing carbamoyl-phosphate synthase small subunit
    {'NZ_AP017367_1_739502_742768'  },,,,41522.29901,carbamoyl-phosphate synthase large subunit
    {'NZ_AP017367_1_2873318_2872671'},,,,0,serine O-acetyltransferase
    {'NZ_AP017367_1_5257556_5258188'},,,,0,serine O-acetyltransferase
    {'NZ_AP017367_1_2435396_2436490'},,,,0,pyridoxal-phosphate-dependent aminotransferase family protein
    {'NZ_AP017367_1_3377051_3378466'},,,,16.32550877,aldehyde dehydrogenase family protein
    {'NZ_AP017367_1_2133091_2134083'},,,,0,thiamine-phosphate kinase
    {'NZ_AP017367_1_3668919_3670097'},,,,0,class I SAM-dependent rRNA methyltransferase
    {'NZ_AP017367_1_1406654_1407637'},,,,,phosphopyruvate hydratase
    {'NZ_AP017367_1_3701167_3699920'},,,,0,UDP-N-acetylglucosamine 1-carboxyvinyltransferase
    {'NZ_AP017367_1_4338980_4341103'},,,,0,bifunctional arginine dihydrolase/ornithine cyclodeaminase
    {'NZ_AP017367_1_2715147_2715887'},,,,0,tryptophan synthase subunit alpha
    {'NZ_AP017367_1_5188923_5187727'},,,,0,tryptophan synthase subunit beta
    {'NZ_AP017367_1_4654066_4652891'},,,,4504.20787,aspartate aminotransferase
    {'NZ_AP017367_1_504158_505339'  },,,,4654.40255,LL-diaminopimelate aminotransferase
    {'NZ_AP017367_1_635237_634314'  },,,,0,15-cis-phytoene synthase CrtB
    {'NZ_AP017367_1_1504691_1503699'},,,,0,2-hydroxyacid dehydrogenase
    {'NZ_AP017367_1_838954_840021'  },,,,0,3-isopropylmalate dehydrogenase
    {'NZ_AP017367_1_2937653_2939086'},,,,0,CoA-acylating methylmalonate-semialdehyde dehydrogenase
    {'NZ_AP017367_1_3377036_3378457'},,,,16.32550877,aldehyde dehydrogenase family protein
    {'NZ_AP017367_1_4378289_4379476'},,,,76369.09748,hypothetical protein
    {'NZ_AP017367_1_3996775_3995198'},,,,0,phosphoglycerate dehydrogenase
    {'NZ_AP017367_1_729149_729934'  },,,,0,prephenate/arogenate dehydrogenase
    {'NZ_AP017367_1_1452837_1451884'},,,,0,acetyl-CoA carboxylase carboxyltransferase subunit alpha
    {'NZ_AP017367_1_3870045_3870905'},,,,26.12081403,"acetyl-CoA carboxylase, carboxyltransferase subunit beta"
    {'NZ_AP017367_1_4647411_4644808'},,,,163.2550877,bifunctional acetaldehyde-CoA/alcohol dehydrogenase
    {'NZ_AP017367_1_3758335_3759345'},,,,0,threonine aldolase family protein
    {'NZ_AP017367_1_2869988_2868990'},,,,0,class 1 fructose-bisphosphatase
    {'NZ_AP017367_1_4187926_4188963'},,,,4295.241357,class II fructose-bisphosphatase
    {'NZ_AP017367_1_431364_432134'  },,,,3.265101754,glucosamine-6-phosphate deaminase
    {'NZ_AP017367_1_1031682_1033784'},,,,0,HAD-IIB family hydrolase
    {'NZ_AP017367_1_1489362_1491260'},,,,58.77183157,glutamine--fructose-6-phosphate transaminase (isomerizing)
    {'NZ_AP017367_1_1253270_1251738'},,,,8210.098361,glucose-6-phosphate isomerase
    {'NZ_AP017367_1_5266299_5266964'},,,,5323.74841,MBL fold metallo-hydrolase
    {'NZ_AP017367_1_1041820_1042749'},,,,1702.750565,cysteine synthase A
    {'NZ_AP017367_1_2849565_2850506'},,,,0,protein-methionine-sulfoxide reductase catalytic subunit MsrP
    {'NZ_AP017367_1_4686479_4688572'},,,,0,molybdopterin oxidoreductase family protein
    {'NZ_AP017367_1_869567_870886'  },,,,1867.638203,glycoside hydrolase 100 family protein
    {'NZ_AP017367_1_1031676_1033778'},,,,0,HAD-IIB family hydrolase
    {'NZ_AP017367_1_2868334_2867045'},,,,105160.7647,glucose-6-phosphate dehydrogenase
    {'NZ_AP017367_1_2100288_2101181'},,,,0,NAD(P)H-dependent glycerol-3-phosphate dehydrogenase
    {'NZ_AP017367_1_2407496_2406471'},,,,26124.07913,mannose-1-phosphate guanylyltransferase
    {'NZ_AP017367_1_1519522_1520499'},,,,31.01846666,"GDP-mannose 4,6-dehydratase"
    {'NZ_AP017367_1_1708304_1709281'},,,,31.01846666,"GDP-mannose 4,6-dehydratase"
    {'NZ_AP017367_1_235786_234854'  },,,,31.01846666,"GDP-mannose 4,6-dehydratase"
    {'NZ_AP017367_1_1462575_1463756'},,,,0,glutamate--cysteine ligase
    {'NZ_AP017367_1_3427561_3429012'},,,,3454.477656,leucyl aminopeptidase
    {'NZ_AP017367_1_4477115_4478398'},,,,2696.974049,adenylosuccinate lyase
    {'NZ_AP017367_1_834844_833453'  },,,,0,aminobutyraldehyde dehydrogenase
    {'NZ_AP017367_1_1977364_1978146'},,,,0,carbon-nitrogen hydrolase family protein
    {'NZ_AP017367_1_4393671_4392385'},,,,7602.789434,aspartate aminotransferase family protein
    {'NZ_AP017367_1_3377024_3378406'},,,,16.32550877,aldehyde dehydrogenase family protein
    {'NZ_AP017367_1_2776860_2778722'},,,,48.97652631,acetate--CoA ligase
    {'NZ_AP017367_1_1854029_1852440'},,,,0,PTS transporter subunit EIIC
    {'NZ_AP017367_1_1304649_1305476'},,,,0,formyltetrahydrofolate deformylase
    {'NZ_AP017367_1_1341580_1342857'},,,,62.03693333,serine hydroxymethyltransferase
    {'NZ_AP017367_1_4816153_4817430'},,,,glucose-1-phosphate adenylyltransferase,
    {'NZ_AP017367_1_1507378_1508148'},,,,0,glucose-1-phosphate cytidylyltransferase
    {'NZ_AP017367_1_5402901_5401276'},,,,0,alpha-D-glucose phosphate-specific phosphoglucomutase
    {'NZ_AP017367_1_4900684_4899980'},,,,0,orotidine-5'-phosphate decarboxylase
    {'NZ_AP017367_1_4246978_4247598'},,,,0,uracil phosphoribosyltransferase
    {'NZ_AP017367_1_2747115_2745928'},,,,0,cytosine deaminase
    {'NZ_AP017367_1_3964487_3965068'},,,,0,anthranilate synthase component II
    {'NZ_AP017367_1_4929096_4927561'},,,,0,anthranilate synthase component I family protein
    {'NZ_AP017367_1_4547178_4548212'},,,,0,isocitrate/isopropylmalate family dehydrogenase
    {'NZ_AP017367_1_838960_840021'  },,,,0,3-isopropylmalate dehydrogenase
    {'NZ_AP017367_1_3207865_3208584'},,,,0,triose-phosphate isomerase
    {'NZ_AP017367_1_1271190_1272179'},,,,45.71142456,ribose-phosphate pyrophosphokinase
    {'NZ_AP017367_1_3486273_3485596'},,,,0,ribose-5-phosphate isomerase RpiA
    {'NZ_AP017367_1_245737_246747'  },,,,11063.79729,type I glyceraldehyde-3-phosphate dehydrogenase
    {'NZ_AP017367_1_2917620_2918612'},,,,11063.79729,type I glyceraldehyde-3-phosphate dehydrogenase
    {'NZ_AP017367_1_4434917_4433934'},,,,0,ArsJ-associated glyceraldehyde-3-phosphate dehydrogenase
    {'NZ_AP017367_1_245731_246717'  },,,,11063.79729,type I glyceraldehyde-3-phosphate dehydrogenase
    {'NZ_AP017367_1_2917611_2918615'},,,,11063.79729,type I glyceraldehyde-3-phosphate dehydrogenase
    {'NZ_AP017367_1_4434914_4433922'},,,,0,ArsJ-associated glyceraldehyde-3-phosphate dehydrogenase
    {'NZ_AP017367_1_1348843_1349511'},,,,0,deoxyribose-phosphate aldolase
    {'NZ_AP017367_1_3904138_3906129'},,,,22643.48066,transketolase
    {'NZ_AP017367_1_614055_612979'  },,,,0,class II fructose-bisphosphate aldolase
    {'NZ_AP017367_1_730409_731248'  },,,,0,class II fructose-bisphosphate aldolase
    {'NZ_AP017367_1_3711463_3712104'},,,,0,ATP phosphoribosyltransferase
    {'NZ_AP017367_1_3154342_3152843'},,,,0,amidophosphoribosyltransferase
    {'NZ_AP017367_1_4571124_4570222'},,,,1595.002207,anthranilate phosphoribosyltransferase
    {'NZ_AP017367_1_3448828_3447047'},,,,35774.08737,molecular chaperone DnaK
    {'NZ_AP017367_1_5054707_5053136'},,,,35774.08737,molecular chaperone DnaK
    {'NZ_AP017367_1_292109_293479'  },,,,0,argininosuccinate lyase
    {'NZ_AP017367_1_1129919_1129038'},,,,0,branched-chain amino acid transaminase
    {'NZ_AP017367_1_1048203_1049228'},,,,76369.09748,hypothetical protein
    {'NZ_AP017367_1_1012037_1013605'},,,,767.2989122,bifunctional phosphoribosylaminoimidazolecarboxamide formyltransferase/IMP cyclohydrolase
    {'NZ_AP017367_1_1017747_1019012'},,,,4865.001614,adenylosuccinate synthase
    {'NZ_AP017367_1_4616269_4615169'},,,,0,D-alanine--D-alanine ligase family protein
    {'NZ_AP017367_1_2337807_2335879'},,,,0,primary-amine oxidase
    {'NZ_AP017367_1_4855009_4853891'},,,,7602.789434,aspartate aminotransferase family protein
    {'NZ_AP017367_1_3078074_3079270'},,,,0,histidinol dehydrogenase
    {'NZ_AP017367_1_4647429_4644829'},,,,163.2550877,bifunctional acetaldehyde-CoA/alcohol dehydrogenase
    {'NZ_AP017367_1_2399742_2401505'},,,,0,AMP-dependent synthetase/ligase
    {'NZ_AP017367_1_2363619_2364395'},,,,0,inositol monophosphatase family protein
    {'NZ_AP017367_1_1919790_1921892'},,,,3960.568428,thioredoxin domain-containing protein
    {'NZ_AP017367_1_753655_751985'  },,,,8014.192255,dihydroxy-acid dehydratase
    {'NZ_AP017367_1_4511385_4512956'},,,,13.06040702,2-isopropylmalate synthase
    {'NZ_AP017367_1_5241428_5240325'},,,,0,homocitrate synthase
    {'NZ_AP017367_1_1375242_1373995'},,,,359.1611929,valine--pyruvate transaminase
    {'NZ_AP017367_1_2969755_2970525'},,,,0,3-methyl-2-oxobutanoate hydroxymethyltransferase
    {'NZ_AP017367_1_1611713_1612558'},,,,0,bifunctional methylenetetrahydrofolate dehydrogenase/methenyltetrahydrofolate cyclohydrolase FolD
    {'NZ_AP017367_1_2330107_2327273'},,,,3123.069828,aminomethyl-transferring glycine dehydrogenase
    {'NZ_AP017367_1_1250315_1249251'},,,,5823.308978,glycine cleavage system aminomethyltransferase GcvT
    {'NZ_AP017367_1_3004583_3006124'},,,,4.897652631,glutamine-hydrolyzing GMP synthase
    {'NZ_AP017367_1_1159264_1157768'},,,,53908.46251,alpha-amylase
    {'NZ_AP017367_1_2881711_2880740'},,,,0,nucleoside hydrolase
    {'NZ_AP017367_1_2927661_2926867'},,,,0,pyrroline-5-carboxylate reductase
    {'NZ_AP017367_1_322908_323666'  },,,,0,glucose 1-dehydrogenase
    {'NZ_AP017367_1_2702679_2703722'},,,,0,aminotransferase class I/II-fold pyridoxal phosphate-dependent enzyme
    {'NZ_AP017367_1_4538537_4539604'},,,,0,type I polyketide synthase
    {'NZ_AP017367_1_2937647_2939080'},,,,0,CoA-acylating methylmalonate-semialdehyde dehydrogenase
    {'NZ_AP017367_1_3406046_3404757'},,,,12957.55631,L-glutamate gamma-semialdehyde dehydrogenase
    {'NZ_AP017367_1_2914027_2913413'},,,,11264.60105,fumarylacetoacetate hydrolase family protein
    {'NZ_AP017367_1_859910_858981'  },,,,6799.574403,NAD-dependent epimerase/dehydratase family protein
    {'NZ_AP017367_1_1898637_1899503'},,,,0,peptidoglycan editing factor PgeF
    {'NZ_AP017367_1_4641049_4640192'},,,,737.9129964,S-methyl-5'-thioadenosine phosphorylase
    {'NZ_AP017367_1_1610198_1608768'},,,,42.4463228,NAD-dependent succinate-semialdehyde dehydrogenase
    {'NZ_AP017367_1_3377045_3378466'},,,,16.32550877,aldehyde dehydrogenase family protein
    {'NZ_AP017367_1_181615_182589'  },,,,4722.969687,threonine synthase
    {'NZ_AP017367_1_220727_221695'  },,,,93.05539999,UDP-glucose 4-epimerase GalE
    {'NZ_AP017367_1_3010563_3011777'},,,,0,phosphoglycerate kinase
    {'NZ_AP017367_1_3996775_3995195'},,,,0,phosphoglycerate dehydrogenase
    {'NZ_AP017367_1_5404072_5403413'},,,,0,"2,3-bisphosphoglycerate-dependent phosphoglycerate mutase"
    {'NZ_AP017367_1_1991916_1990384'},,,,6.530203508,"2,3-bisphosphoglycerate-independent phosphoglycerate mutase"
    {'NZ_AP017367_1_2258141_2257146'},,,,31.01846666,phosphoribulokinase
    {'NZ_AP017367_1_639768_641012'  },,,,0,FGGY-family carbohydrate kinase
    {'NZ_AP017367_1_2078644_2080038'},,,,32371.85134,NADP-dependent phosphogluconate dehydrogenase
    {'NZ_AP017367_1_923663_924346'  },,,,34198.67577,ribulose-phosphate 3-epimerase
    {'NZ_AP017367_1_4264006_4264899'},,,,0,KpsF/GutQ family sugar-phosphate isomerase
    {'NZ_AP017367_1_5019514_5018420'},,,,0,undecaprenyl-phosphate galactose phosphotransferase WbaP
    {'NZ_AP017367_1_4057495_4058580'},,,,0,glutamine synthetase family protein
    {'NZ_AP017367_1_630451_631698'  },,,,999.1211367,type III glutamate--ammonia ligase
    {'NZ_AP017367_1_1866124_1868463'},,,,22.85571228,phosphoketolase family protein
    {'NZ_AP017367_1_2121586_2122833'},,,,0,xylulokinase
    {'NZ_AP017367_1_3730760_3732205'},,,,2783.499245,bifunctional folylpolyglutamate synthase/dihydrofolate synthase
    {'NZ_AP017367_1_1612841_1613728'},,,,0,geranylgeranyl diphosphate synthase CrtE
    {'NZ_AP017367_1_3851300_3852625'},,,,0,guanine deaminase
    {'NZ_AP017367_1_2358988_2357783'},,,,0,bifunctional phosphopantothenoylcysteine decarboxylase/phosphopantothenate--cysteine ligase CoaBC
    {'NZ_AP017367_1_1656657_1657727'},,,,4432.375631,chorismate synthase
    {'NZ_AP017367_1_3978707_3977406'},,,,0,isochorismate synthase
    {'NZ_AP017367_1_4994466_4992703'},,,,0,aminodeoxychorismate synthase component I
    {'NZ_AP017367_1_3568202_3566976'},,,,0,nicotinate phosphoribosyltransferase
    {'NZ_AP017367_1_1610186_1608744'},,,,0,hydroxyacylglutathione hydrolaseNAD-dependent succinate-semialdehyde dehydrogenase
    {'NZ_AP017367_1_285594_284830'  },,,,1175.436631,hydroxyacylglutathione hydrolase
    {'NZ_AP017367_1_3898047_3899387'},,,,0,xanthine dehydrogenase small subunit
    {'NZ_AP017367_1_3899423_3901699'},,,,0,xanthine dehydrogenase molybdopterin binding subunit
    {'NZ_AP017367_1_2827313_2828206'},,,,0,homoserine kinase
    {'NZ_AP017367_1_4352718_4351468'},,,,0,homoserine dehydrogenase
    {'NZ_AP017367_1_1451228_1450509'},,,,6740.802571,SDR family oxidoreductase
    {'NZ_AP017367_1_245731_246735'  },,,,11063.79729,type I glyceraldehyde-3-phosphate dehydrogenase
    {'NZ_AP017367_1_1465390_1466160'},,,,25351.88257,3-deoxy-7-phosphoheptulonate synthase
    {'NZ_AP017367_1_2974781_2973759'},,,,25351.88257,3-deoxy-7-phosphoheptulonate synthase
    {'NZ_AP017367_1_3013109_3012114'},,,,298.7568105,transaldolase
    {'NZ_AP017367_1_5165516_5166082'},,,,67249.66828,orotate phosphoribosyltransferase
    {'NZ_AP017367_1_3410912_3411808'},,,,0,Nit6803 family nitrilase
    {'NZ_AP017367_1_1030389_1029223'},,,,0,pyridoxal phosphate-dependent aminotransferase
    {'NZ_AP017367_1_202061_202708'  },,,,9950.397595,class I SAM-dependent methyltransferase
    {'NZ_AP017367_1_1398239_1399429'},,,,0,argininosuccinate synthase
    {'NZ_AP017367_1_5471301_5470387'},,,,3890.36874,speB
    {'NZ_AP017367_1_3527195_3525933'},,,,5090.293635,dihydroorotase
    {'NZ_AP017367_1_4345619_4346887'},,,,5090.293635,dihydroorotase
    {'NZ_AP017367_1_4663647_4664771'},,,,40879.07396,N-acetylglucosamine-6-phosphate deacetylase
    {'NZ_AP017367_1_300004_301347'  },,,,10203.44298,phosphoglucosamine mutase
    {'NZ_AP017367_1_5169485_5168307'},,,,91.42284911,geranylgeranyl reductase
    {'NZ_AP017367_1_4398980_4399909'},,,,76369.09748,hypothetical protein
    {'NZ_AP017367_1_1681265_1680606'},,,,0,N-acetylmannosamine-6-phosphate 2-epimerase
    {'NZ_AP017367_1_853229_852627'  },,,,0,dTMP kinase
    {'NZ_AP017367_1_4874732_4875427'},,,,0,pirin family protein
    {'NZ_AP017367_1_3913643_3914974'},,,,0,flavin monoamine oxidase family protein
    {'NZ_AP017367_1_5195786_5197111'},,,,0,dihydropyrimidinase
    {'NZ_AP017367_1_312678_313946'  },,,,0,"glutamate-1-semialdehyde 2,1-aminomutase"
    {'NZ_AP017367_1_4855117_4853894'},,,,7602.789434,aspartate aminotransferase family protein
    {'NZ_AP017367_1_4142046_4141057'},,,,0,aspartate-semialdehyde dehydrogenase
    {'NZ_AP017367_1_4140979_4140122'},,,,0,4-hydroxy-tetrahydrodipicolinate synthase
    {'NZ_AP017367_1_2010276_2009047'},,,,0,competence/damage-inducible protein A
    {'NZ_AP017367_1_1483647_1484717'},,,,0,glucose-1-phosphate thymidylyltransferase
    {'NZ_AP017367_1_4778615_4779688'},,,,0,glucose-1-phosphate thymidylyltransferase
    {'NZ_AP017367_1_5188923_5187733'},,,,0,tryptophan synthase subunit beta
    {'NZ_AP017367_1_924451_925200'  },,,,6740.802571,SDR family oxidoreductase
    {'NZ_AP017367_1_2535388_2535843'},,,,1603.164961,GNAT family N-acetyltransferase
    {'NZ_AP017367_1_661730_662653'  },,,,0,Gfo/Idh/MocA family protein
    {'NZ_AP017367_1_1911343_1911864'},,,,0,shikimate kinase
    {'NZ_AP017367_1_1115588_1116457'},,,,0,shikimate dehydrogenase
    {'NZ_AP017367_1_5195783_5197156'},,,,0,dihydropyrimidinase
    {'NZ_AP017367_1_2713670_2712675'},,,,0,HhoA/HhoB/HtrA family serine endopeptidase
    {'NZ_AP017367_1_3563115_3562102'},,,,0,HhoA/HhoB/HtrA family serine endopeptidase
    {'NZ_AP017367_1_4150139_4149129'},,,,0,HhoA/HhoB/HtrA family serine endopeptidase
    {'NZ_AP017367_1_5370275_5369106'},,,,1226.045709,tRNA (N6-isopentenyl adenosine(37)-C2)-methylthiotransferase MiaB
    {'NZ_AP017367_1_5422250_5423611'},,,,35774.08737,molecular chaperone DnaK
    {'NZ_AP017367_1_297443_296577'  },,,,0,putative 2-dehydropantoate 2-reductase
    {'NZ_AP017367_1_4950888_4952705'},,,,0,DUF1989 domain-containing protein
    {'NZ_AP017367_1_753643_751973'  },,,,8014.192255,dihydroxy-acid dehydratase
    {'NZ_AP017367_1_1250502_1250915'},,,,0,lactoylglutathione lyase
    {'NZ_AP017367_1_834814_833429'  },,,,0,aminobutyraldehyde dehydrogenase
    {'NZ_AP017367_1_2500164_2499328'},,,,0,acetylglutamate kinase
    {'NZ_AP017367_1_2937653_2939098'},,,,0,CoA-acylating methylmalonate-semialdehyde dehydrogenase
    {'NZ_AP017367_1_2204986_2203907'},,,,0,M20 metallopeptidase family protein
    {'NZ_AP017367_1_2526602_2525478'},,,,0,M20 metallopeptidase family protein
    {'NZ_AP017367_1_2396385_2395546'},,,,0,diaminopimelate epimerase
    {'NZ_AP017367_1_834838_833447'  },,,,0,aminobutyraldehyde dehydrogenase
    {'NZ_AP017367_1_1484869_1485894'},,,,0,"dTDP-glucose 4,6-dehydratase"
    {'NZ_AP017367_1_4779820_4780836'},,,,0,"dTDP-glucose 4,6-dehydratase"
    {'NZ_AP017367_1_1482147_1482686'},,,,0,"dTDP-4-dehydrorhamnose 3,5-epimerase"
    {'NZ_AP017367_1_4777112_4777651'},,,,0,"dTDP-4-dehydrorhamnose 3,5-epimerase"
    {'NZ_AP017367_1_1482689_1483579'},,,,0,dTDP-4-dehydrorhamnose reductase
    {'NZ_AP017367_1_4777654_4778595'},,,,0,dTDP-4-dehydrorhamnose reductase
    {'NZ_AP017367_1_1323473_1324885'},,,,0,UDP-N-acetylmuramoyl-L-alanine--D-glutamate ligase
    {'NZ_AP017367_1_381407_379920'  },,,,11480.09777,"UDP-N-acetylmuramoyl-L-alanyl-D-glutamate--2,6-diaminopimelate ligase"
    {'NZ_AP017367_1_660817_659876'  },,,,7996.234196,methionine synthase
    {'NZ_AP017367_1_4086915_4087709'},,,,0,sirohydrochlorin chelatase
    {'NZ_AP017367_1_442722_443468'  },,,,0,pantothenate kinase
    {'NZ_AP017367_1_3698950_3699732'},,,,0,inositol monophosphatase family protein
    {'NZ_AP017367_1_3765486_3765953'},,,,0,pantetheine-phosphate adenylyltransferase
    {'NZ_AP017367_1_774918_773932'  },,,,0,ketol-acid reductoisomerase
    {'NZ_AP017367_1_2457854_2457039'},,,,855.4566596,dihydropteroate synthase
    {'NZ_AP017367_1_163376_162357'  },,,,0,3-dehydroquinate synthase
    {'NZ_AP017367_1_1286287_1285865'},,,,0,type II 3-dehydroquinate dehydratase
    {'NZ_AP017367_1_3668931_3670106'},,,,0,class I SAM-dependent rRNA methyltransferase
    {'NZ_AP017367_1_887341_886550'  },,,,2824.313017,alpha/beta fold hydrolase
    {'NZ_AP017367_1_277043_277831'  },,,,0,uroporphyrinogen-III C-methyltransferase
    {'NZ_AP017367_1_722380_721760'  },,,,0,dethiobiotin synthase
    {'NZ_AP017367_1_2783404_2779655'},,,,2427.603154,hydantoinase B/oxoprolinase family protein
    {'NZ_AP017367_1_1387718_1388632'},,,,0,UDP-N-acetylmuramate dehydrogenase
    {'NZ_AP017367_1_1385944_1387413'},,,,30587.47323,UDP-N-acetylmuramate--L-alanine ligase
    {'NZ_AP017367_1_1791877_1792602'},,,,0,uroporphyrinogen-III C-methyltransferase
    {'NZ_AP017367_1_276221_276928'  },,,,0,uroporphyrinogen-III C-methyltransferase
    {'NZ_AP017367_1_4700643_4699639'},,,,16.32550877,uroporphyrinogen decarboxylase
    {'NZ_AP017367_1_2702691_2703731'},,,,0,aminotransferase class I/II-fold pyridoxal phosphate-dependent enzyme
    {'NZ_AP017367_1_1758722_1759717'},,,,362235.2862,oxygen-dependent coproporphyrinogen oxidase
    {'NZ_AP017367_1_3867173_3866631'},,,,0,protoporphyrinogen oxidase HemJ
    {'NZ_AP017367_1_4961586_4960579'},,,,0,thiamine phosphate synthase
    {'NZ_AP017367_1_2705956_2707227'},,,,0,adenosylmethionine--8-amino-7-oxononanoate transaminase
    {'NZ_AP017367_1_45038_46198'    },,,,0,histidinol-phosphate transaminase
    {'NZ_AP017367_1_4267550_4268299'},,,,0,3-deoxy-8-phosphooctulonate synthase
    {'NZ_AP017367_1_1322010_1323368'},,,,0,family 1 glycosylhydrolase
    {'NZ_AP017367_1_3312724_3311654'},,,,2912.470765,glutamate-5-semialdehyde dehydrogenase
    {'NZ_AP017367_1_3408212_3409462'},,,,0,MSMEG_0569 family flavin-dependent oxidoreductase
    {'NZ_AP017367_1_669687_668854'  },,,,2368.831323,carboxylating nicotinate-nucleotide diphosphorylase
    {'NZ_AP017367_1_4265000_4265722'},,,,0,3-deoxy-manno-octulosonate cytidylyltransferase
    {'NZ_AP017367_1_3372135_3373172'},,,,6197.163129,N-acetyl-gamma-glutamyl-phosphate reductase
    {'NZ_AP017367_1_1213015_1212431'},,,,0,imidazoleglycerol-phosphate dehydratase HisB
    {'NZ_AP017367_1_4401420_4402478'},,,,1049.730214,bifunctional diaminohydroxyphosphoribosylaminopyrimidine deaminase/5-amino-6-(5-phosphoribosylamino)uracil reductase RibD
    {'NZ_AP017367_1_3705134_3705919'},,,,0,indole-3-glycerol phosphate synthase TrpC
    {'NZ_AP017367_1_1301433_1300801'},,,,0,phosphoribosylanthranilate isomerase
    {'NZ_AP017367_1_5443961_5443032'},,,,0,vitamin K epoxide reductase family protein
    {'NZ_AP017367_1_4172618_4171659'},,,,0,"selenide, water dikinase SelD"
    {'NZ_AP017367_1_3481424_3480732'},,,,0,aldehyde oxygenase (deformylating)
    {'NZ_AP017367_1_1282420_1283382'},,,,0,protochlorophyllide reductase
    {'NZ_AP017367_1_2842507_2846481'},,,,20911.34418,magnesium chelatase subunit H
    {'NZ_AP017367_1_2999441_2998383'},,,,801.5824806,magnesium chelatase ATPase subunit I
    {'NZ_AP017367_1_3872580_3874631'},,,,6380.008827,magnesium chelatase ATPase subunit D
    {'NZ_AP017367_1_1673935_1673219'},,,,0,dienelactone hydrolase family protein
    {'NZ_AP017367_1_3627325_3625925'},,,,0,3-isopropylmalate dehydratase large subunit
    {'NZ_AP017367_1_4548253_4549998'},,,,0,aconitase/3-isopropylmalate dehydratase large subunit family protein
    {'NZ_AP017367_1_3623572_3622988'},,,,0,3-isopropylmalate dehydratase small subunit
    {'NZ_AP017367_1_2686878_2686261'},,,,0,bifunctional phosphoribosyl-AMP cyclohydrolase/phosphoribosyl-ATP diphosphatase HisIE
    {'NZ_AP017367_1_1117877_1116531'},,,,1957.428502,acetyl-CoA carboxylase biotin carboxylase subunit
    {'NZ_AP017367_1_2754316_2753045'},,,,0,phosphoribosylamine--glycine ligase
    {'NZ_AP017367_1_2699715_2698891'},,,,4683.788466,"1,4-dihydroxy-2-naphthoyl-CoA synthase"
    {'NZ_AP017367_1_2345135_2344329'},,,,0,4-hydroxy-tetrahydrodipicolinate reductase
    {'NZ_AP017367_1_4473164_4474153'},,,,0,phosphoribosylformylglycinamidine cyclo-ligase
    {'NZ_AP017367_1_1120537_1119866'},,,,0,magnesium protoporphyrin IX methyltransferase
    {'NZ_AP017367_1_2724753_2723800'},,,,0,quinolinate synthase NadA
    {'NZ_AP017367_1_834910_833456'  },,,,0,aminobutyraldehyde dehydrogenase
    {'NZ_AP017367_1_1803178_1804215'},,,,0,S-methyl-5-thioribose-1-phosphate isomerase
    {'NZ_AP017367_1_3156939_3154765'},,,,4020.97281,phosphoribosylformylglycinamidine synthase subunit PurL
    {'NZ_AP017367_1_1559645_1558884'},,,,0,imidazole glycerol phosphate synthase subunit HisF
    {'NZ_AP017367_1_2669186_2667936'},,,,0,UDP-N-acetylmuramoyl-tripeptide--D-alanyl-D-alanine ligase
    {'NZ_AP017367_1_260820_260005'  },,,,0,UDP-3-O-acyl-N-acetylglucosamine deacetylase
    {'NZ_AP017367_1_264241_263543'  },,,,0,phosphoribosylaminoimidazolesuccinocarboxamide synthase
    {'NZ_AP017367_1_258446_257304'  },,,,0,lipid-A-disaccharide synthase
    {'NZ_AP017367_1_4077032_4077802'},,,,0,1-(5-phosphoribosyl)-5-[(5-phosphoribosylamino)methylideneamino]imidazole-4-carboxamide isomerase
    {'NZ_AP017367_1_2675947_2675114'},,,,0,undecaprenyldiphospho-muramoylpentapeptide beta-N-acetylglucosaminyltransferase
    {'NZ_AP017367_1_3957801_3957199'},,,,0,"cob(I)yrinic acid a,c-diamide adenosyltransferase"
    {'NZ_AP017367_1_1838321_1836843'},,,,2948.386884,cobyric acid synthase CobQ
    {'NZ_AP017367_1_158426_157524'  },,,,63034.42191,AAA family ATPase
    {'NZ_AP017367_1_588590_587688'  },,,,63034.42191,AAA family ATPase
    {'NZ_AP017367_1_901090_901746'  },,,,383.6494561,cobaltochelatase subunit CobN
    {'NZ_AP017367_1_1610183_1608759'},,,,42.4463228,NAD-dependent succinate-semialdehyde dehydrogenase
    {'NZ_AP017367_1_1945979_1943946'},,,,2295.366533,NAD(P)/FAD-dependent oxidoreductase
    {'NZ_AP017367_1_5471289_5470372'},,,,3890.36874,speB
    {'NZ_AP017367_1_3410909_3411799'},,,,0,Nit6803 family nitrilase
    {'NZ_AP017367_1_2774577_2773213'},,,,0,8-oxoguanine deaminase
    {'NZ_AP017367_1_1892588_1893253'},,,,0,biuret amidohydrolase
    {'NZ_AP017367_1_39230_40102'    },,,,16.32550877,4-hydroxybenzoate solanesyltransferase
    {'NZ_AP017367_1_1673953_1673216'},,,,0,dienelactone hydrolase family protein
    {'NZ_AP017367_1_1816263_1817027'},,,,0,undecaprenyl-diphosphate phosphatase
    {'NZ_AP017367_1_1787944_1787051'},,,,0,phospho-N-acetylmuramoyl-pentapeptide-transferase
    {'NZ_AP017367_1_361205_360531'  },,,,0,2-C-methyl-D-erythritol 4-phosphate cytidylyltransferase
    {'NZ_AP017367_1_4210792_4209857'},,,,0,4-(cytidine 5'-diphospho)-2-C-methyl-D-erythritol kinase
    {'NZ_AP017367_1_4506816_4508633'},,,,15943.49186,1-deoxy-D-xylulose-5-phosphate synthase
    {'NZ_AP017367_1_3099667_3099203'},,,,0,"2-C-methyl-D-erythritol 2,4-cyclodiphosphate synthase"
    {'NZ_AP017367_1_2792709_2794070'},,,,0,cytochrome P450
    {'NZ_AP017367_1_42501_43523'    },,,,646.4901473,4-hydroxythreonine-4-phosphate dehydrogenase PdxA
    {'NZ_AP017367_1_530983_529835'  },,,,13.06040702,1-deoxy-D-xylulose-5-phosphate reductoisomerase
    {'NZ_AP017367_1_1520749_1521687'},,,,0,GDP-L-fucose synthase family protein
    {'NZ_AP017367_1_1709552_1710463'},,,,0,GDP-L-fucose synthase family protein
    {'NZ_AP017367_1_4295784_4296926'},,,,6799.574403,NAD-dependent epimerase/dehydratase family protein
    {'NZ_AP017367_1_4099111_4097972'},,,,0,SAM-dependent methyltransferase
    {'NZ_AP017367_1_296369_295680'  },,,,10010.80198,2-phosphosulfolactate phosphatase family protein
    {'NZ_AP017367_1_2728216_2727515'},,,,0,pyridoxine 5'-phosphate synthase
    {'NZ_AP017367_1_419382_418192'  },,,,0,4-hydroxy-3-methylbut-2-enyl diphosphate reductase
    {'NZ_AP017367_1_4112766_4113797'},,,,27119.93517,magnesium-protoporphyrin IX monomethyl ester (oxidative) cyclase
    {'NZ_AP017367_1_4708346_4709227'},,,,6740.802571,SDR family oxidoreductase
    {'NZ_AP017367_1_1257865_1256342'},,,,27053.00058,ferredoxin:protochlorophyllide reductase (ATP-dependent) subunit B
    {'NZ_AP017367_1_2934581_2933190'},,,,85864.01338,ferredoxin:protochlorophyllide reductase (ATP-dependent) subunit N
    {'NZ_AP017367_1_346276_347214'  },,,,0,chlorophyll synthase ChlG
    {'NZ_AP017367_1_1001825_1002838'},,,,0,DegT/DnrJ/EryC1/StrS family aminotransferase
    {'NZ_AP017367_1_1763107_1764126'},,,,0,DegT/DnrJ/EryC1/StrS family aminotransferase
    {'NZ_AP017367_1_781545_782246'  },,,,0,diadenylate cyclase CdaA
    {'NZ_AP017367_1_2936635_2937549'},,,,0,adenosylcobinamide-phosphate synthase CbiB
    {'NZ_AP017367_1_4635657_4636745'},,,,3163.8836,FAD-dependent urate hydroxylase HpxO
    {'NZ_AP017367_1_4007599_4008957'},,,,4605.426024,carotenoid oxygenase family protein
    {'NZ_AP017367_1_423705_424538'  },,,,1168.906428,methyltransferase domain-containing protein
    {'NZ_AP017367_1_691138_690038'  },,,,4798.067028,5-(carboxyamino)imidazole ribonucleotide synthase
    {'NZ_AP017367_1_1656004_1655465'},,,,0,5-(carboxyamino)imidazole ribonucleotide mutase
    {'NZ_AP017367_1_3961255_3962202'},,,,2546.779368,ABC transporter ATP-binding protein
    {'NZ_AP017367_1_3664600_3663863'},,,,679.1411648,amino acid ABC transporter substrate-binding protein
    {'NZ_AP017367_1_3949968_3950699'},,,,679.1411648,amino acid ABC transporter substrate-binding protein
    {'NZ_AP017367_1_987553_988668'  },,,,679.1411648,amino acid ABC transporter substrate-binding protein
    {'NZ_AP017367_1_1893434_1894921'},,,,2546.779368,ABC transporter ATP-binding protein
    {'NZ_AP017367_1_734345_735571'  },,,,2546.779368,ABC transporter ATP-binding protein
    {'NZ_AP017367_1_2161347_2158564'},,,,8099.084901,cation-translocating P-type ATPase
    {'NZ_AP017367_1_3559775_3560524'},,,,11.42785614,metal ABC transporter ATP-binding protein
    {'NZ_AP017367_1_5440072_5442828'},,,,8099.084901,cation-translocating P-type ATPase
    {'NZ_AP017367_1_3252630_3250837'},,,,306.9195649,ATP-dependent zinc metalloprotease FtsH3
    {'NZ_AP017367_1_3479093_3476793'},,,,35548.79535,heavy metal translocating P-type ATPase
    {'NZ_AP017367_1_1913844_1913101'},,,,0,amino acid ABC transporter ATP-binding protein
    {'NZ_AP017367_1_3893257_3892604'},,,,0,transporter substrate-binding domain-containing protein
    {'NZ_AP017367_1_2295369_2294392'},,,,0,sulfate/molybdate ABC transporter ATP-binding protein
    {'NZ_AP017367_1_3938241_3938999'},,,,0,sulfate ABC transporter permease subunit CysT
    {'NZ_AP017367_1_3939070_3939765'},,,,0,sulfate ABC transporter permease subunit CysW
    {'NZ_AP017367_1_2320440_2321561'},,,,40097.08209,urea ABC transporter substrate-binding protein
    {'NZ_AP017367_1_3810734_3809748'},,,,0,aromatic ring-hydroxylating dioxygenase subunit alpha
    {'NZ_AP017367_1_1893428_1894783'},,,,2546.779368,ABC transporter ATP-binding protein
    {'NZ_AP017367_1_179199_180326'  },,,,29428.36211,ABC transporter substrate-binding protein
    {'NZ_AP017367_1_2367350_2368045'},,,,2546.779368,ABC transporter ATP-binding protein
    {'NZ_AP017367_1_1073102_1073989'},,,,2546.779368,ABC transporter ATP-binding protein
    {'NZ_AP017367_1_3107392_3108936'},,,,0,dipeptide ABC transporter ATP-binding protein
    {'NZ_AP017367_1_1132494_1134830'},,,,35548.79535,heavy metal translocating P-type ATPase
    {'NZ_AP017367_1_3479114_3476790'},,,,35548.79535,heavy metal translocating P-type ATPase
    {'NZ_AP017367_1_1893434_1894861'},,,,2546.779368,ABC transporter ATP-binding protein
    {'NZ_AP017367_1_1985422_1984313'},,,,29428.36211,ABC transporter substrate-binding protein
    {'NZ_AP017367_1_273243_271378'  },,,,2546.779368,ABC transporter ATP-binding protein
    {'NZ_AP017367_1_1722298_1720322'},,,,0,nitrate ABC transporter ATP-binding protein
    {'NZ_AP017367_1_4681047_4682372'},,,,0,CmpA/NrtA family ABC transporter substrate-binding protein
    {'NZ_AP017367_1_4686464_4688572'},,,,0,molybdopterin oxidoreductase family protein
    {'NZ_AP017367_1_2527526_2526792'},,,,2546.779368,ABC transporter ATP-binding protein
    {'NZ_AP017367_1_1197005_1199566'},,,,21652.52228,mgtA
    {'NZ_AP017367_1_93848_95311'    },,,,0,nickel ABC transporter substrate-binding protein
    {'NZ_AP017367_1_96479_97327'    },,,,0,nickel ABC transporter permease subunit NikC
    {'NZ_AP017367_1_3810767_3809820'},,,,2546.779368,ABC transporter ATP-binding protein
    {'NZ_AP017367_1_74952_77282'    },,,,2202.311133,TonB-dependent siderophore receptor
    {'NZ_AP017367_1_1706086_1705070'},,,,2546.779368,ABC transporter ATP-binding protein
    {'NZ_AP017367_1_2051310_2053028'},,,,4649.504898,succinate dehydrogenase/fumarate reductase flavoprotein subunit
    {'NZ_AP017367_1_2237327_2236602'},,,,11.42785614,metal ABC transporter ATP-binding protein
    {'NZ_AP017367_1_3890531_3891073'},,,,16.32550877,Cytochrome b6-f complex iron-sulfur subunit
    {'NZ_AP017367_1_4602904_4601861'},,,,0,Iron deficiency-induced protein A precursor
    {'NZ_AP017367_1_62075_61296'    },,,,0,putative siderophore transport system ATP-binding protein YusV
    {'NZ_AP017367_1_1052191_1053477'},,,,0,Guanine/hypoxanthine permease PbuG
    {'NZ_AP017367_1_1454861_1456165'},,,,0,Multidrug resistance protein NorM
    {'NZ_AP017367_1_2725258_2726886'},,,,0,Bicarbonate transporter BicA
    {'NZ_AP017367_1_4837528_4836407'},,,,0,Major Facilitator Superfamily protein
    {'NZ_AP017367_1_1854029_1852377'},,,,0,PTS system glucose-specific EIICB component
    {'NZ_AP017367_1_1856760_1854265'},,,,0,Phosphoenolpyruvate-protein phosphotransferase
    {'NZ_AP017367_1_3031854_3031117'},,,,0,AIR carboxylase
    {'NZ_AP017367_1_3294085_3294738'},,,,0,Lipoprotein-releasing system ATP-binding protein LolD
    {'NZ_AP017367_1_199039_198128'  },,,,135.5017228,Thioredoxin reductase
    {'NZ_AP017367_1_1783395_1784621'},,,,5348.236673,ispG
    {'NZ_AP017367_1_2281269_2281955'},,,,0,BC transporter glutamine-binding protein GlnH precursor
    {'NZ_AP017367_1_1185287_1186063'},,,,0,Enoyl-[acyl-carrier-protein] reductase [NADH] FabI
    {'NZ_AP017367_1_648663_650432'  },,,,0,Putative fatty-acid--CoA ligase fadD21
    {'NZ_AP017367_1_259765_259325'  },,,,0,3-hydroxyacyl-[acyl-carrier-protein] dehydratase FabZ
    {'NZ_AP017367_1_3282122_3281394'},,,,0,3-oxoacyl-[acyl-carrier-protein] reductase FabG
    {'NZ_AP017367_1_3902520_3903743'},,,,42.4463228,3-oxoacyl-[acyl-carrier-protein] synthase 2
    {'NZ_AP017367_1_808403_807441'  },,,,0,3-oxoacyl-[acyl-carrier-protein] synthase 3
    {'NZ_AP017367_1_4531520_4538059'},,,,0,Mycocerosic acid synthase
    {'NZ_AP017367_1_1185278_1186039'},,,,0,Enoyl-[acyl-carrier-protein] reductase [NADH] FabI
    {'NZ_AP017367_1_807364_806489'  },,,,0,Polyketide biosynthesis malonyl CoA-acyl carrier protein transacylase PksC
    {'NZ_AP017367_1_1262100_1260754'},,,,0,Ammonia channel precursor
    {'NZ_AP017367_1_34450_37569'    },,,,0,Efflux pump membrane transporter BepE
    {'NZ_AP017367_1_4432405_4431341'},,,,0,Sodium Bile acid symporter family protein
    {'NZ_AP017367_1_2161368_2158561'},,,,0,Calcium-transporting ATPase 1
    {'NZ_AP017367_1_676913_679576'  },,,,0,putative cation-transporting ATPase F
    {'NZ_AP017367_1_1161806_1160709'},,,,0,Putative cation exchanger YfkE
    {'NZ_AP017367_1_2125540_2123981'},,,,0,Low-affinity Na(+)/H(+) antiporter NhaS1
    {'NZ_AP017367_1_2552647_2550521'},,,,0,putative copper-importing P-type ATPase A
    {'NZ_AP017367_1_5440033_5442780'},,,,0,Calcium-transporting ATPase
    {'NZ_AP017367_1_3479105_3476796'},,,,0,putative copper-transporting ATPase PacS
    {'NZ_AP017367_1_4686467_4688590'},,,,7238.730589,Nitrate reductase
    {'NZ_AP017367_1_1856256_1854259'},,,,0,Phosphoenolpyruvate-protein phosphotransferase
    {'NZ_AP017367_1_1854035_1852719'},,,,0,PTS system glucose-specific EIICB component
    {'NZ_AP017367_1_1352507_1353670'},,,,0,Putative teichuronic acid biosynthesis glycosyltransferase TuaC
    {'NZ_AP017367_1_2318419_2320182'},,,,0,Glutathione-regulated potassium-efflux system protein KefC
    {'NZ_AP017367_1_5457087_5458367'},,,,0,Inner membrane protein YbaL
    {'NZ_AP017367_1_1073165_1074097'},,,,0,Spermidine/putrescine import ATP-binding protein PotA
    {'NZ_AP017367_1_62078_61317'    },,,,0,putative siderophore transport system ATP-binding protein YusV
    {'NZ_AP017367_1_5063470_5064888'},,,,1466.030688,atpD
    {'NZ_AP017367_1_5440024_5442810'},,,,0,Calcium-transporting ATPase
    {'NZ_AP017367_1_676898_679534'  },,,,0,putative cation-transporting ATPase F
    {'NZ_AP017367_1_5434571_5435680'},,,,0,Glutathione transport system permease protein GsiD
    {'NZ_AP017367_1_1454876_1456174'},,,,0,Multidrug resistance protein NorM
    {'NZ_AP017367_1_4679309_4680832'},,,,0,Sulfite reductase [ferredoxin]
    {'NZ_AP017367_1_2707405_2708328'},,,,4220.144017,bioB
    {'NZ_AP017367_1_2258868_2260118'},,,,52.24162806,Ferredoxin--NADP reductase
    {'NZ_AP017367_1_707652_708524'  },,,,0,"Bifunctional homocysteine S-methyltransferase/5,10-methylenetetrahydrofolate reductase"
    {'NZ_AP017367_1_2011380_2010484'},,,,0,putative undecaprenyl-phosphate N-acetylglucosaminyl 1-phosphate transferase
    {'NZ_AP017367_1_298460_297681'  },,,,0,Phosphatidate cytidylyltransferase
    {'NZ_AP017367_1_1868780_1871200'},,,,0,Maltodextrin phosphorylase
    {'NZ_AP017367_1_482467_480035'  },,,,0,Maltodextrin phosphorylase
    {'NZ_AP017367_1_5177287_5179617'},,,,0,Maltodextrin phosphorylase
    {'NZ_AP017367_1_5157740_5156298'},,,,0,NAD(P)H-quinone oxidoreductase chain 4 1
    {'NZ_AP017367_1_4290184_4289156'},,,,0,NADH-quinone oxidoreductase subunit H
    {'NZ_AP017367_1_3617362_3618093'},,,,73557.84487,Fatty acid desaturase
    {'NZ_AP017367_1_4100276_4099557'},,,,73557.84487,Fatty acid desaturase
    {'NZ_AP017367_1_2674524_2673886'},,,,4636.444491,1-acyl-sn-glycerol-3-phosphate acyltransferase
    {'NZ_AP017367_1_3533120_3534325'},,,,0,tyrosine--tRNA ligase
    {'NZ_AP017367_1_4746874_4748031'},,,,0,coenzyme F420-reducing hydrogenase subunit beta
    {'NZ_AP017367_1_5124966_5126957'},,,,7005.275813,alanine--tRNA ligase
    {'NZ_AP017367_1_4075527_4076966'},,,,0,Neopullulanase
    {'NZ_AP017367_1_4099015_4097957'},,,,0,Cyclopropane-fatty-acyl-phospholipid synthase
    {'NZ_AP017367_1_891204_889447'  },,,,0,arginine--tRNA ligase
    {'NZ_AP017367_1_4571618_4573414'},,,,5555.570634,aspartate--tRNA ligase
    {'NZ_AP017367_1_1897165_1895819'},,,,0,asparagine--tRNA ligase
    {'NZ_AP017367_1_1557841_1556381'},,,,439.1561859,cysteine--tRNA ligase
    {'NZ_AP017367_1_1999798_2000664'},,,,0,Glycine--tRNA ligase alpha subunit
    {'NZ_AP017367_1_3516130_3514001'},,,,5167.023526,Glycine--tRNA ligase beta subunit
    {'NZ_AP017367_1_1908270_1909490'},,,,4923.773445,histidine--tRNA ligase
    {'NZ_AP017367_1_2189789_2192638'},,,,8652.519648,isoleucine--tRNA ligase
    {'NZ_AP017367_1_2910770_2908230'},,,,0,valine--tRNA ligase
    {'NZ_AP017367_1_4430524_4428038'},,,,45.71142456,leucine--tRNA ligase
    {'NZ_AP017367_1_4430593_4428041'},,,,45.71142456,leucine--tRNA ligase
    {'NZ_AP017367_1_310625_309051'  },,,,19056.76639,methionine--tRNA ligase
    {'NZ_AP017367_1_789549_790526'  },,,,0,Phenylalanine--tRNA ligase alpha subunit
    {'NZ_AP017367_1_3362778_3360988'},,,,1674.9972,proline--tRNA ligase
    {'NZ_AP017367_1_2348687_2349952'},,,,1260.329277,serine--tRNA ligase
    {'NZ_AP017367_1_3837462_3835690'},,,,76369.09748,hypothetical protein
    {'NZ_AP017367_1_706486_707463'  },,,,153.4597824,tryptophan--tRNA ligase
    {'NZ_AP017367_1_2910770_2908365'},,,,0,valine--tRNA ligase
    {'NZ_AP017367_1_5038002_5039057'},,,,26.12081403,Queuine tRNA-ribosyltransferase
    {'NZ_AP017367_1_2239886_2238627'},,,,5269.874231,glutamyl-tRNA reductase
    {'NZ_AP017367_1_4123643_4123068'},,,,0,Peptidyl-tRNA hydrolase
    {'NZ_AP017367_1_1117856_1116519'},,,,1957.428502,Biotin carboxylase
    {'NZ_AP017367_1_1352507_1353664'},,,,0,Putative teichuronic acid biosynthesis glycosyltransferase TuaC
    {'NZ_AP017367_1_4964681_4963635'},,,,0,UDP-3-O-(3-hydroxymyristoyl)glucosamine N-acyltransferase
    {'NZ_AP017367_1_259306_258533'  },,,,0,Acyl-[acyl-carrier-protein]--UDP-N-acetylglucosamine O-acyltransferase
    {'NZ_AP017367_1_5244998_5243730'},,,,0,Nitrogenase molybdenum-iron protein beta chain
    {'NZ_AP017367_1_5248856_5247330'},,,,0,Nitrogenase molybdenum-iron protein beta chain
    {'NZ_AP017367_1_5246335_5245070'},,,,0,nitrogenase molybdenum-iron protein alpha chain
    {'NZ_AP017367_1_5250465_5249026'},,,,0,nitrogenase molybdenum-iron protein alpha chain
    {'NZ_AP017367_1_5246341_5245070'},,,,0,nitrogenase molybdenum-iron protein alpha chain
    {'NZ_AP017367_1_5250468_5249029'},,,,0,nitrogenase molybdenum-iron protein alpha chain
    {'NZ_AP017367_1_1525001_1523628'},,,,0,"Cobyrinic acid A,C-diamide synthase"
    {'NZ_AP017367_1_4814090_4813095'},,,,15290.47151,deoxyhypusine synthase
    {'NZ_AP017367_1_914307_914942'  },,,,0,Virginiamycin A acetyltransferase
    {'NZ_AP017367_1_4448293_4446863'},,,,1497.049154,glutamate--tRNA ligase
    {'NZ_AP017367_1_1524986_1523613'},,,,0,"Cobyrinic acid A,C-diamide synthase"
    {'NZ_AP017367_1_4531439_4535938'},,,,0,Mycocerosic acid synthase
    {'NZ_AP017367_1_2919485_2920906'},,,,3240.613491,15-cis-phytoene desaturase
    {'NZ_AP017367_1_636768_635401'  },,,,3240.613491,15-cis-phytoene desaturase
    {'NZ_AP017367_1_445107_443614'  },,,,0,Phytoene desaturase (lycopene-forming)
    {'NZ_AP017367_1_935984_937492'  },,,,0,Phytoene desaturase (neurosporene-forming)
    {'NZ_AP017367_1_107544_108776'  },,,,4654.40255,LL-diaminopimelate aminotransferase
    {'NZ_AP017367_1_5121450_5120743'},,,,0,D-alanyl-D-alanine dipeptidase
    {'NZ_AP017367_1_1001771_1002859'},,,,0,"dTDP-3-amino-3,6-dideoxy-alpha-D-galactopyranose transaminase"
    {'NZ_AP017367_1_2106877_2107821'},,,,0,Undecaprenyl-phosphate 4-deoxy-4-formamido-L-arabinose transferase
    {'NZ_AP017367_1_589798_590868'  },,,,0,L-glyceraldehyde 3-phosphate reductase
    {'NZ_AP017367_1_5098078_5098740'},,,,0,Octanoyltransferase
    {'NZ_AP017367_1_3002795_3003919'},,,,0,cobalt-precorrin-6A synthase
    {'NZ_AP017367_1_2825012_2823807'},,,,0,"Precorrin-6Y C(5,15)-methyltransferase [decarboxylating]"
    {'NZ_AP017367_1_1314667_1315548'},,,,0,N-acetylmuramic acid 6-phosphate etherase
    {'NZ_AP017367_1_272145_271348'  },,,,0,Glutathione import ATP-binding protein GsiA
    {'NZ_AP017367_1_3990525_3991793'},,,,32.65101754,4-alpha-glucanotransferase
    {'NZ_AP017367_1_894268_892973'  },,,,26191.01372,Phosphomethylpyrimidine synthase
    {'NZ_AP017367_1_2664451_2663279'},,,,0,Arsenical pump-driving ATPase
    {'NZ_AP017367_1_4685612_4686370'},,,,0,Bicarbonate transport ATP-binding protein CmpD
    {'NZ_AP017367_1_273839_276073'  },,,,0,"1,4-alpha-glucan branching enzyme GlgB"
    {'NZ_AP017367_1_2290445_2291911'},,,,2589.225691,Glycogen synthase
    {'NZ_AP017367_1_696892_698196'  },,,,2589.225691,Glycogen synthase
    {'NZ_AP017367_1_3656054_3654819'},,,,0,Lactate utilization protein A
    {'NZ_AP017367_1_1551965_1549980'},,,,0,Potassium-transporting ATPase B chain
    {'NZ_AP017367_1_1948931_1947429'},,,,0,lysine--tRNA ligase
    {'NZ_AP017367_1_2990498_2988846'},,,,0,Beta-lactam-inducible penicillin-binding protein
    {'NZ_AP017367_1_3911458_3913113'},,,,0,Stage V sporulation protein D
    {'NZ_AP017367_1_5440039_5442819'},,,,0,Calcium-transporting ATPase
    {'NZ_AP017367_1_2231778_2230438'},,,,0,NAD(P) transhydrogenase subunit beta
    {'NZ_AP017367_1_2233363_2232236'},,,,0,NAD(P) transhydrogenase subunit alpha part 1
    {'NZ_AP017367_1_3729076_3730617'},,,,0,Vitamin B12 transport ATP-binding protein BacA
    {'NZ_AP017367_1_1985410_1984316'},,,,0,putative ABC transporter-binding protein precursor
    {'NZ_AP017367_1_3890534_3891073'},,,,16.32550877,cytochrome b6-f complex iron-sulfur subunit
    {'NZ_AP017367_1_2231778_2230399'},,,,0,NAD(P) transhydrogenase subunit beta
    {'NZ_AP017367_1_3181497_3182645'},,,,76369.09748,hypothetical protein
    {'NZ_AP017367_1_4923343_4921904'},,,,0,Na(+)/H(+) antiporter subunit D
    {'NZ_AP017367_1_4432423_4431359'},,,,0,Sodium Bile acid symporter family protein
    {'NZ_AP017367_1_1096480_1094423'},,,,0,Cellulose synthase catalytic subunit [UDP-forming]
    {'NZ_AP017367_1_3332949_3331033'},,,,0,Cellulose synthase 1
    {'NZ_AP017367_1_2657858_2658934'},,,,76369.09748,hypothetical protein
    {'NZ_AP017367_1_781536_782249'  },,,,173.050393,isoprenyl transferase
    {'NZ_AP017367_1_4403479_4402550'},,,,0,FO synthase subunit 1
    {'NZ_AP017367_1_608541_609650'  },,,,0,Aminodeoxyfutalosine synthase
    {'NZ_AP017367_1_4181847_4180555'},,,,0,PGL/p-HBAD biosynthesis glycosyltransferase/MT3031
    {'NZ_AP017367_1_1035177_1036232'},,,,0,Photosystem II D2 protein
    {'NZ_AP017367_1_2240305_2241378'},,,,0,Photosystem Q(B) protein 2 precursor
    {'NZ_AP017367_1_3157481_3158554'},,,,0,Photosystem Q(B) protein 2 precursor
    {'NZ_AP017367_1_3398848_3399903'},,,,0,Photosystem II D2 protein
    {'NZ_AP017367_1_1263834_1262743'},,,,2646.364972,cysteine desulfurase
    {'NZ_AP017367_1_3687176_3686043'},,,,2646.364972,cysteine desulfurase
    {'NZ_AP017367_1_3787760_3786627'},,,,0,cysteine desulfurase family protein
    {'NZ_AP017367_1_4406353_4405274'},,,,42.4463228,SufS family cysteine desulfurase
    {'NZ_AP017367_1_5254033_5252906'},,,,0,cysteine desulfurase NifS
    {'NZ_AP017367_1_3754363_3755148'},,,,0,homocysteine biosynthesis protein
    {'NZ_AP017367_1_4686467_4688557'},,,,0,molybdopterin oxidoreductase family protein
    {'NZ_AP017367_1_3238963_3240099'},,,,0,cellulase family glycosylhydrolase
    {'NZ_AP017367_1_1337251_1338609'},,,,0,AtzE family amidohydrolase
    {'NZ_AP017367_1_4159607_4161082'},,,,30195.66102,Asp-tRNA(Asn)/Glu-tRNA(Gln) amidotransferase subunit GatB
