ReactionID,Flux,Name
rxn00001_c0,0.7390983,'diphosphate phosphohydrolase'
rxn00018_c0,1.792313378,"'3-phospho-D-glycerate carboxy-lyase (dimerizing; D-ribulose-1,5-bisphosphate-forming)'"
rxn00068_c0,-0.277161863,'Fe2+:NAD+ oxidoreductase'
rxn00069_c0,0.36954915,'L-glutamate:NAD+ oxidoreductase (transaminating)'
rxn00097_c0,0.7390983,'ATP:AMP phosphotransferase'
rxn00138_c0,0.184774575,'deamido-NAD+:ammonia ligase (AMP-forming)'
rxn00182_c0,-0.092387288,'L-glutamate:NAD+ oxidoreductase (deaminating)'
rxn00237_c0,0.184774575,'ATP:GDP phosphotransferase'
rxn00247_c0,0.36954915,'ATP:oxaloacetate carboxy-lyase (transphosphorylating;phosphoenolpyruvate-forming)'
rxn00249_c0,0.923872875,'(S)-malate:NADP+ oxidoreductase'
rxn00260_c0,-0.554323725,'L-Aspartate:2-oxoglutarate aminotransferase'
rxn00275_c0,-0.277161863,'Glycine:2-oxoglutarate aminotransferase'
rxn00285_c0,-0.554323725,'Succinate:CoA ligase (ADP-forming)'
rxn00424_c0,-0.277161863,'L-Serine:glyoxylate aminotransferase'
rxn00459_c0,-0.36954915,'2-phospho-D-glycerate hydro-lyase (phosphoenolpyruvate-forming)'
rxn00549_c0,0.720620843,"'D-Fructose-1,6-bisphosphate 1-phosphohydrolase'"
rxn00627_c0,0.055432373,'ATP:D-fructose 1-phosphotransferase'
rxn00634_c0,0.027716186,'D-Glucitol:NAD+ 2-oxidoreductase'
rxn00692_c0,-0.277161863,"'5,10-Methylenetetrahydrofolate:glycine hydroxymethyltransferase'"
rxn00743_c0,0.22172949,'Glycerone phosphate phosphohydrolase'
rxn00747_c0,1.792313378,'D-glyceraldehyde-3-phosphate aldose-ketose-isomerase'
rxn00762_c0,-0.22172949,'glycerol:NAD+ 2-oxidoreductase'
rxn00763_c0,0.22172949,'Glycerol:NAD+ oxidoreductase'
rxn00770_c0,0.36954915,'ATP:D-ribose-5-phosphate diphosphotransferase'
rxn00777_c0,0.351071693,'D-ribose-5-phosphate aldose-ketose-isomerase'
rxn00781_c0,-1.579822616,'D-glyceraldehyde-3-phosphate:NAD+ oxidoreductase (phosphorylating)'
rxn00782_c0,-2.374353289,'D-glyceraldehyde-3-phosphate:NADP+ oxidoreductase (phosphorylating)'
rxn00786_c0,-0.720620843,"'D-fructose-1,6-bisphosphate D-glyceraldehyde-3-phosphate-lyase (glycerone-phosphate-forming)'"
rxn00790_c0,-0.184774575,'5-phosphoribosylamine:diphosphate phospho-alpha-D-ribosyltransferase (glutamate-amidating)'
rxn00799_c0,-0.923872875,'(S)-malate hydro-lyase (fumarate-forming)'
rxn00800_c0,0.184774575,"'N6-(1,2-dicarboxyethyl)AMP AMP-lyase (fumarate-forming)'"
rxn00832_c0,-0.184774575,"'IMP 1,2-hydrolase (decyclizing)'"
rxn00838_c0,0.184774575,'IMP:L-aspartate ligase (GDP-forming)'
rxn00856_c0,0.554323725,'putrescine:2-oxoglutarate aminotransferase'
rxn00907_c0,0.36954915,"'5,10-methylenetetrahydrofolate:NADP+ oxidoreductase'"
rxn00908_c0,0.092387288,'glycine synthase'
rxn01011_c0,0.277161863,'D-Glycerate:NAD+ 2-oxidoreductase'
rxn01100_c0,3.954175905,'ATP:3-phospho-D-glycerate 1-phosphotransferase'
rxn01106_c0,0.36954915,"'2-Phospho-D-glycerate 2,3-phosphomutase'"
rxn01111_c0,1.792313378,'ATP:D-ribulose-5-phosphate 1-phosphotransferase'
rxn01116_c0,-1.441241685,'D-Ribulose-5-phosphate 3-epimerase'
rxn01200_c0,0.720620843,'Sedoheptulose-7-phosphate:D-glyceraldehyde-3-phosphate glycolaldehyde transferase'
rxn01204_c0,0.554323725,'4-aminobutanoate:2-oxoglutarate aminotransferase'
rxn01211_c0,0.36954915,"'5,10-Methenyltetrahydrofolate 5-hydrolase (decyclizing)'"
rxn01286_c0,0.277161863,'D-Glyceraldehyde:NAD+ oxidoreductase'
rxn01310_c0,-0.027716186,'D-Glucitol:NADP+ 1-oxidoreductase'
rxn01333_c0,-0.720620843,'sedoheptulose-7-phosphate:D-glyceraldehyde-3-phosphate glyceronetransferase'
rxn01353_c0,0.184774575,'ATP:dGDP phosphotransferase'
rxn01459_c0,0.554323725,'4-Aminobutyraldehyde:NAD+ oxidoreductase'
rxn01870_c0,0.055432373,'D-Fructose 1-phosphate D-glyceraldehyde-3-phosphate-lyase'
rxn02155_c0,0.184774575,'ATP:nicotinamide-nucleotide adenylyltransferase'
rxn02402_c0,-0.184774575,'Nicotinate-nucleotide:pyrophosphate phosphoribosyltransferase (carboxylating)'
rxn02895_c0,0.184774575,'5-Phospho-D-ribosylamine:glycine ligase (ADP-forming)'
rxn02937_c0,0.184774575,'2-(Formamido)-N1-(5-phosphoribosyl)acetamidine cyclo-ligase (ADP-forming)'
rxn02988_c0,-0.184774575,'glycerone phosphate:iminosuccinate alkyltransferase (cyclizing)'
rxn03004_c0,0.184774575,'10-Formyltetrahydrofolate:5''-phosphoribosylglycinamide formyltransferase'
rxn03084_c0,0.184774575,'5''-Phosphoribosylformylglycinamide:L-glutamine amido-ligase (ADP-forming)'
rxn03136_c0,0.184774575,'1-(5''-Phosphoribosyl)-5-amino-4-(N-succinocarboxamide)-imidazole AMP-lyase'
rxn03137_c0,0.184774575,'10-Formyltetrahydrofolate:5''-phosphoribosyl-5-amino-4-imidazolecarboxamide formyltransferase'
rxn03147_c0,0.184774575,'1-(5-Phosphoribosyl)-5-amino-4-carboxyimidazole:L-aspartate ligase (ADP-forming)'
rxn05466_c0,8.388765706,'TRANS-RXN-173.ce'
rxn05514_c0,0.554323725,'calcium transport in/out via proton antiporter'
rxn05595_c0,-0.554323725,'TRANS-RXN-3.ce'
rxn05625_c0,-8.758314856,"'nitrite transport in via proton symport, reversible'"
rxn05651_c0,-0.277161863,'sulfate transport in via proton symport'
rxn08168_c0,0.184774575,'L-aspartate : fumarate oxidoreductase (deaminating)'
rxn08173_c0,8.388765706,'F(1)-ATPase'
rxn08233_c0,-0.277161863,'Chloride/proton antiport'
rxn08240_c0,0.554323725,'cobalt (Co+2) transport out via proton antiport (periplasm)'
rxn08275_c0,0.554323725,'copper transport out via proton antiport'
rxn08473_c0,-1.10864745,'Transport of Fe2+'
rxn08921_c0,-0.554323725,'magnesium (Mg+2) transport in/out via proton antiport (periplasm)'
rxn09272_c0,0.7390983,"'fumarate reductase complex (i.e. FRD, involved in anaerobic respiration, repressed in aerobic respiration)'"
rxn09389_c0,0.554323725,'TRANS-RXN0-200.cp'
rxn10043_c0,8.592017738,'cytochrome-c oxidase (H+/e- = 2)'
rxn10053_c0,0.184774575,'phosphoribosylaminoimidazole carboxylase (ATP-dependent)'
rxn10058_c0,0.184774575,'NAD kinase (dGTP)'
rxn12811_c0,-0.277161863,'sulfate transport via sodium symport'
rxn13360_c0,0.184774575,'NADP transporter'
rxn15116_c0,-0.720620843,"'beta-D-fructose-1,6-bisphosphate D-glyceraldehyde-3-phosphate-lyase (glycerone-phosphate-forming)'"
rxn15271_c0,0.720620843,'beta-D-Fructose 6-phosphate:D-glyceraldehyde-3-phosphate glycolaldehyde transferase'
rxn15494_c0,0.720620843,"'beta-D-Fructose 1,6-bisphosphate 1-phosphohydrolase'"
rxn16140_c0,-0.554323725,'succinate-semialdehyde:NADP+ oxidoreductase (CoA-acylating)'
rxn05319_c0,-11.2158167,'TRANS-RXNBWI-115401.ce.maizeexp.OH_OH'
rxn05467_c0,1.33037694,'CO2 transporter via diffusion'
rxn05468_c0,12.5,'TRANS-RXNAVI-26568.ce'
rxn08689_c0,0.554323725,'h2s transport (periplasm)'
EX_cpd00034_e0,0.554323725,'Zn2+-e0 Exchange'
EX_cpd00048_e0,0.554323725,'Sulfate-e0 Exchange'
EX_cpd00149_e0,0.554323725,'Co2+-e0 Exchange'
EX_cpd00067_e0,19.36437546,'H+-e0 Exchange'
EX_cpd00971_e0,0.554323725,'Na+-e0 Exchange'
EX_cpd00013_e0,-8.388765706,'NH3-e0 Exchange'
EX_cpd00063_e0,0.554323725,'Ca2+-e0 Exchange'
EX_cpd00058_e0,0.554323725,'Cu2+-e0 Exchange'
EX_cpd10515_e0,1.10864745,'Fe2+-e0 Exchange'
EX_cpd00205_e0,0.554323725,'K+-e0 Exchange'
EX_cpd00075_e0,8.758314856,'Nitrite-e0 Exchange'
EX_cpd00099_e0,0.554323725,'Cl--e0 Exchange'
EX_cpd00254_e0,0.554323725,'Mg-e0 Exchange'
EX_cpd00006_e0,0.184774575,'NADP-e0 Exchange'
EX_cpd00001_e0,11.2158167,'H2O-e0 Exchange'
EX_cpd00011_e0,-1.33037694,'CO2-e0 Exchange'
EX_cpd00007_e0,-12.5,'O2-e0 Exchange'
EX_cpd00239_e0,0.554323725,'H2S-e0 Exchange'
rxn08972_c0,-0.905395418,'NADH dehydrogenase (ubiquinone-8 & 3 protons) (periplasm)'
rxn40053_c0,8.758314856,'hydroxylamine dehydrogenase'
rxn90090_c0,8.758314856,'ammonia monooxygenase'
rxn90092_c0,8.924611973,'Quinone reductase'
BIOMASS_PSEUDO,0.005543237,#N/A
